ActualPosition,ActualVelocity,ActualAcceleration,CurrentFeedback,DCBusVoltage,OutputCurrent,OutputVoltage,Vibration,Temperature,SpindleSpeed,Machine_Status
57.827620146171704,119.34249738927012,2.222400236653401,5.316809948608413,298.41588879667006,2.740955234703934,222.20007225026666,1.3493837326942166,31.93630154860786,3106.253467094903,Normal
51.95040571016959,96.53882053894907,3.7196956013291054,8.046948793936174,299.7530176693799,7.851236204330926,228.46636996047667,2.750940663571693,42.372374145376305,2527.0229825296888,Abnormal
49.77206991822251,122.43339449322691,2.379381971071835,4.246438777560008,299.9876846064764,5.655011683258608,219.58924410803715,1.8351887494764383,36.028176039133115,3068.512982873068,Normal
52.84883640116102,124.47708560017315,2.821361379933772,4.930406771092702,311.57216935761176,5.06720300607081,219.55132152856388,1.9320351646348417,32.97082309382219,3270.1410649366226,Normal
49.79921024677828,105.69224897881952,2.5640522074553944,3.5232638397675835,316.7251483919098,3.9779008165580874,217.7690828339261,0.9331377807163407,33.64308104225277,2636.4181010056564,Normal
42.08048588257138,127.60414656144297,2.892900079325416,4.297820293249475,302.2641908549663,4.461830915086416,219.98198730454715,1.1524905932422371,39.510194905301454,3131.6043435863508,Normal
48.89517913085168,120.26885838994531,2.6041914039737764,2.5707855921029967,308.0225809398352,3.954412601601761,214.9918999505254,1.4156699121342136,40.39305958054857,3096.1264291900516,Normal
45.430568081737626,113.58874172034238,6.399355436586002,8.109560419495322,290.8944555488026,7.029594833441639,216.9822331361359,3.775439769795225,54.47596610013866,2858.792950420492,Abnormal
55.247763576596675,114.64764788439432,3.158697032817163,4.138319723284679,326.6020869810021,3.948649745528346,228.67981901582624,1.5593732350387943,33.04574598915666,2927.417124891852,Normal
48.3982634590284,124.24165946401916,2.76141774401775,3.5984099972429946,309.8051632619121,6.213816286889491,228.63771585050355,1.6308971009022097,35.1140104345046,3018.0046990077394,Normal
53.06758986365208,109.77207434801595,2.3713117312883276,2.831991148285687,313.1937849808422,5.017756751762192,217.58406768850313,1.97219602898701,31.322703010992974,2780.343767968527,Normal
51.795614548479776,120.70647453918232,6.6839276914578685,6.449338884557272,306.18021250146944,7.9422372957489396,208.2737270005918,4.11856195624067,53.261614392067095,2305.9019607539376,Abnormal
61.81232279780717,125.70137031221176,4.374437298490471,7.474964240124891,297.4104527942411,8.391010648735861,204.4969484615458,3.029863642443364,49.87222964504277,2993.182254814841,Abnormal
52.71800077297216,116.29385667913894,2.885849355324172,2.0060201655589474,319.1901256029768,3.10822897697752,218.18779529298433,1.1640990316121569,31.115955572837283,3174.124018106778,Normal
47.661493993440544,123.46503881730716,2.476539710560408,4.333928579056185,310.61457512848204,3.4736062206491445,224.9813340972357,1.3518730250516062,30.330254304020748,2935.7827258551133,Normal
57.503798953171554,128.50221742113493,2.3256739327960703,3.7555196069770997,307.4269195902609,6.161398386848672,221.90967726115775,1.629012494157321,38.09085036209552,3035.818373853977,Normal
48.704789270896484,118.03650150915021,2.464199370292968,3.9739444344431107,315.82103634909583,4.54155670864584,223.6632003860779,1.4757850259674252,35.23590557094827,2700.269897320184,Normal
54.581638373512405,123.46488475897992,2.999005054929826,1.9726212352644175,326.7069976382458,4.388328297475861,225.5409140836876,1.1880282218623408,36.83832171518771,2841.9876655239514,Normal
46.88115519652097,139.14031353866787,2.4046587996183266,4.152203011225806,316.96054184551,4.8965455103780835,220.7520945257179,1.6094883007398677,42.21024675571483,2991.357180444962,Normal
51.005495233574834,130.50654396007613,3.052762966478992,4.830921213892266,315.10984177623345,3.585596069815613,228.16715766150548,1.1560963820943937,35.9079063957171,2886.8586224970963,Normal
49.67930826703504,123.2876241030348,2.6606786077251368,4.2953445279647,322.9096901524692,4.862827441211184,218.77921682354676,1.7892261504865072,38.568411466773924,2815.858827729451,Normal
52.98700034924929,127.01172742310898,2.351218248320004,4.962994769318134,308.7995553037398,4.600461162777234,219.13464087858065,1.5046737142744402,31.711174739314394,2783.992367610856,Normal
57.97252531612486,111.53038651681672,2.0043038252718466,2.4926269204773996,304.888306018484,3.4415281652740015,228.21007580068184,1.8029451268027903,32.93554896446683,3337.8653708016463,Normal
54.90882743495797,116.75168616491378,1.2502971425632134,5.603659800813519,298.88342026589123,3.1836810024344864,225.1128521600482,2.231925721901782,39.15281845553155,3084.5863680078537,Normal
52.97377170832643,128.53415558780307,2.8794642948933826,4.1968339967785635,310.833608831615,4.449925497680382,216.23017705566662,1.4157974769399677,29.921129557413842,2985.2490559807875,Normal
42.091271142792664,88.44616024176344,5.179894151153478,8.670402743613518,303.7747490900347,5.644249094565234,200.10371863429663,4.158539831591751,45.08756303230845,2643.841712500744,Abnormal
52.75026049512276,110.31655545136366,2.55268775307298,3.066182153557257,305.1890588483903,4.755825547314029,212.03503133234165,1.6321424213881197,34.94108660321996,3082.8734931625722,Normal
51.119570670323306,133.64140429973844,2.5626122513239538,3.699416121212323,310.9783800242583,4.93463842322911,220.2443003516285,1.5121775073611647,32.89402493657973,2900.564862367358,Normal
42.98697364100153,137.49576743186938,1.8780683823043574,3.514966361542865,304.2527418754464,5.215939501555553,218.52525160853986,1.87432262180212,32.979528127268395,3041.84912433357,Normal
45.823264733701215,141.45149127773388,1.9062007904852436,4.216874497158919,315.07021504745677,4.831039277961199,219.07356170561147,1.461053790079972,35.13143441593733,2977.9496997557267,Normal
54.81939558397455,142.10523001591352,2.221254107496083,3.0411379142946457,309.29374361319,6.563767470123455,215.98162716015133,1.9917350416332202,40.03310244222932,2916.961763743801,Normal
52.84491539592638,136.28396623128538,2.3104361295062565,3.8574937479283467,305.34655268841084,3.6881946154457066,216.75361227466996,1.132817919971323,35.10225040477768,2884.5040153412037,Normal
51.168929558953735,104.44104353796372,2.6654401161072285,4.583470273126247,294.05011485942833,4.799245255878057,226.13834496236646,1.1371076943926384,40.01771716051311,3062.8528514049067,Normal
44.35990515393273,104.16346383513441,5.558326912521722,7.091206469694894,298.08133988669556,6.61898961038095,211.6936082403608,2.510399852166514,49.443869693256495,2474.0230896338026,Abnormal
44.115760459281866,123.54139762815656,6.091310120594269,7.7309657450886125,273.6153085299113,7.525387325457797,222.13097699979184,3.5992018395479333,61.59664769990847,2798.329459848593,Abnormal
51.536392931920254,100.36325303696248,5.133540904782282,6.817036196343348,300.6216301503289,9.435053475191875,202.1401053949205,2.5681369325095553,40.818973134483514,2826.997831728136,Abnormal
44.483166969130636,98.47109407047517,2.694289302265482,5.7450996622029535,309.95143270768085,5.170792619561314,220.40914679273783,1.4703331040426573,37.75722944896331,2956.4588183717024,Normal
51.33696157035951,123.21697806196013,2.1659547731784756,4.694429644675566,308.60032194643674,3.895403872405724,222.68254921785203,1.2304596054626888,35.084543472107384,2998.6321505033693,Normal
55.42947782915789,124.74698232879953,2.487486520627428,4.572436409440201,321.1216603921385,4.94624824508149,220.0517630992169,1.1064491302949522,31.804659010773882,2954.2162943467997,Normal
46.952438989203586,118.13028697014553,2.5283249624485538,4.370784928049711,309.4360097755273,4.889201315060961,220.3223720740506,0.9073600300938386,32.18199381854374,2978.3868666417575,Normal
43.951526285794465,125.99928729996205,3.2653754161718487,4.853133296188122,308.29245703255833,5.692580909479962,220.74333728601056,1.3988742086645882,33.15979200937718,2954.6295470267805,Normal
48.05911590729386,121.70416222375488,2.5802869905249324,4.00213221410739,313.4955053579708,5.452517019829073,224.74777067720663,1.0545306094650289,27.338236595294134,3140.147986685891,Normal
43.165606507922895,117.75234598107316,1.9149434869703201,2.738613693693986,314.3317018256383,5.107324128242118,217.1174479963664,0.7226873123565271,33.36126665524255,3058.770600810382,Normal
38.16870744980697,107.75039879668734,4.984690150827005,7.695149799521306,291.7937055262123,6.540396588677667,221.9657150166449,3.389029298881121,49.86347730245034,2466.683010231701,Abnormal
47.78358874404245,111.15197285973099,2.4135269700382884,5.198195936099641,299.02479085654915,3.2091508816986067,227.35585163746805,1.4372028968544401,32.99278178402025,3155.9857031094116,Normal
46.97192230131568,138.26009713546935,2.8389629356696346,3.658462014298008,327.258465706124,4.015428061597329,223.71047686004653,1.5897877741219475,38.905223868196394,3234.2266795090277,Normal
50.160020745328836,112.46582129653817,2.729986071469558,3.5255992411735257,326.107097980213,4.60922826486619,218.17339224343945,1.5554040917594725,30.95862113141091,2854.257894223402,Normal
56.00206953972213,113.43105721028604,1.97654450865903,4.3756569267691,319.485633237304,5.075162648532054,224.98023842902907,1.2729614734291617,30.73456799977447,3225.200047793323,Normal
48.38660080578932,117.49166983544953,3.164097070924529,4.389361006580462,313.6471021766529,6.232001875920867,216.7824088480993,1.7783520384243712,35.171039374691254,3040.2888418294883,Normal
57.64234213206266,125.07835756289624,2.7691480395248167,4.750755136116862,307.0803781636569,3.828632266128795,214.77595402989482,0.9100930231871995,41.16862138982097,2834.5187451417473,Normal
48.22997101131382,100.84780050166619,5.307406697809101,7.978884655047156,302.9071023253962,7.125383842146592,208.32878286213588,3.69780596534181,48.75654436908226,3101.836394004998,Abnormal
53.92779961310601,116.02316679074727,5.662881268667412,8.40816862898239,292.7153233805556,6.05475207806623,213.99687951752642,3.0440501743457196,47.35691659125121,2846.5910046887734,Abnormal
59.90626457146909,105.31907365104092,5.308833012598964,9.042657933562285,293.61129769232855,11.902524671270593,215.65509645631545,2.2674660685909274,53.76670810552266,2795.2895962206944,Abnormal
60.318022032661965,115.09772026904938,4.861544016016226,5.530842116452761,286.8646511407096,6.72421931868605,204.19476550195276,3.9120048830944265,58.34952252175703,2798.6678824557453,Abnormal
44.02058468982408,124.4460266822014,3.0983157433228254,3.5731519669764324,308.92786266661665,4.511750555783357,216.0755084345888,1.6944841301531577,34.63715555417666,3062.9298665860542,Normal
42.9000625775832,98.43812549514884,5.722381357827771,6.552600217489879,315.90445776850106,7.400545721578096,212.24684725751885,4.152813582311163,42.90817133533484,2259.797797004806,Abnormal
42.371718427149524,132.62584103427182,2.2240709270537766,5.790739499967776,305.4860192107409,4.6476410425576296,227.71054976283938,2.101827866447737,41.18451072990919,3181.2549345889715,Normal
55.12031262905731,125.92526949201184,2.889180538083319,3.6141699985700266,303.45440893262156,4.497300434071239,219.14907688737534,1.3640315852018174,37.089162342370145,3143.2957812855766,Normal
50.442034431459234,134.7753008105526,1.9291554429332476,3.864438378504197,304.2654214351776,3.006770706341552,219.5865965707865,1.4634757474850149,39.540349229726395,3094.6217526832165,Normal
44.87906587835398,138.54092566334188,3.1105168477626766,4.407468392428031,308.18812720920135,3.732448610621216,218.13896611964475,1.8266245859112558,40.65375891780383,3231.4865292408285,Normal
47.55575289106863,108.80382566710989,2.5704431234556018,2.762092444106004,312.5853417134783,4.381917930961065,217.6698174906588,1.0215890798199614,36.54080031970915,2920.0948740507133,Normal
44.15041582144856,91.2773778671835,2.486242547474682,5.240576117668821,323.29007371638295,4.134322994730983,216.9889396981911,1.6406322768225072,32.00484368243512,3045.26878497292,Normal
56.12864222707752,123.40399835826462,4.899845923520047,6.755591499787641,276.83026119865156,6.7596794689402095,207.73521108098473,3.757155854771325,54.567923131166246,2499.2052623299137,Abnormal
57.46344284479761,117.2887639895743,2.489316352825782,3.4769518245965236,290.6060779178165,5.20723631708884,223.68421948546217,1.415601732864536,35.20097215167461,3077.390882655615,Normal
42.18727071556729,114.70947322653706,2.8971323398109137,3.1219974037815255,312.348463457333,3.414734556301276,222.33214991216764,1.4893075553107549,30.154604552283473,3174.710903168576,Normal
46.32704211600976,111.89747562985619,2.6002845986154712,4.8040461446001,301.87342544817284,4.549343879878378,222.14408250165286,1.7079316821789432,35.52932466583167,2944.945824137502,Normal
45.8620488967564,120.86143883046375,1.9639304940071964,1.955054661553775,313.49247843326134,5.223147872868957,208.18533782229082,1.1970807885870187,36.85746278301559,3308.624320456755,Normal
50.16634966140327,94.07995588156298,4.81710355889516,8.649851702977822,280.310537313132,6.801211990024619,205.17256477817966,2.832669974218901,50.61335157997398,3106.16961461739,Abnormal
51.615396365580146,117.47646497873713,2.354094365542228,2.90576643391234,317.0648782171773,4.437730242389758,219.09760043204687,2.4579322703534583,35.896258725097056,2887.2313424857225,Normal
46.589139230355656,122.22668563795132,5.113270410537765,5.27406642601916,303.78843401862804,6.997783871691509,228.73297776217547,4.256033646000254,47.76339052170624,3020.2540904337784,Abnormal
50.542844084219226,117.79160512683329,5.484732817294475,5.984372014010952,280.34675251523805,9.544941226371742,206.6522466789346,3.2174460757306025,45.224387103253235,2805.899766398365,Abnormal
60.31262459621573,109.32467085745728,2.512109728336379,4.9885543887908,309.3628688700343,4.861897436999787,214.6880323592656,1.6284921291622947,34.438567204986356,3147.8594993519796,Normal
55.936930257823754,145.89563642018615,2.7898165866067877,4.228057421607517,311.5550744126187,4.217466965751449,221.69241921730847,1.411379576958291,35.50538292880884,3197.639630341194,Normal
41.94765947776287,122.09817841693568,6.3171150673398655,6.858317767610705,258.17217651487107,7.0882670193583515,222.9699454656111,3.4839923563907824,45.00348883852545,2573.8062696929455,Abnormal
54.20310013252276,125.4673356820138,2.380533950415153,3.7432229117297187,306.8659348076494,3.762071852401198,228.0768784473472,1.403303859236598,38.65147556247649,3228.197407788368,Normal
54.9915544907398,115.68379687281951,2.701865045168305,3.9830630755263585,302.77038511415896,4.759487425377283,214.104801044201,1.856303816538469,33.60614810810482,3030.173948380926,Normal
52.26630297236914,101.11642539443883,5.586693801475275,6.430115612052971,303.0694594618587,5.981030479629878,211.26379579546412,4.8572502993408,44.99834337697213,2530.5637573687873,Abnormal
52.569539248294575,121.79581781939598,2.6753150496367795,4.342430991103364,315.0777717484942,5.3877598735649785,222.04909328464257,1.4276227036144373,37.017721103608196,3284.982290234282,Normal
49.33683126808713,110.25470695329358,3.053540334643486,3.9157331852324813,292.6186436318877,5.177937341720337,217.3233590702304,1.4728400153087517,35.995940991707045,3028.5749519668598,Normal
53.547259085695195,115.64513629430157,2.7565528990880415,3.818317325691258,315.9104838471,4.992293987210442,215.32280648977704,1.8257946348525096,33.39210966465786,3121.208669742172,Normal
52.938298507210725,132.57275515192683,4.776534017628148,6.580819844658163,289.70870591168404,7.545230325748587,217.9994190194205,2.3685825740943884,44.73158790426823,2433.0492696052015,Abnormal
54.751537959867875,137.10613372581926,2.4477753907312643,3.8818247937669925,310.56041730490546,5.429502642086552,215.36323432904712,1.5715106948204356,37.925592889347286,3075.164125490977,Normal
50.94790808299372,130.01046092567142,1.1483838535003814,4.474512723671635,304.7673945349806,3.0354936825148346,222.5560129976249,1.9120975635488873,34.58765445611692,3142.931182080441,Normal
58.06139128994323,133.14914453584046,3.3199822646856965,4.519489243750325,310.60346911121275,3.218427350482265,218.76968755935025,1.2470260214051425,41.51282815249344,2973.6171281351494,Normal
50.61602403392243,125.51485376040468,2.521801223186227,5.186535728301527,305.0188051061244,4.655685964189794,216.28764707150975,1.1039932466337883,33.16469272728414,2994.444480442738,Normal
47.8534888774137,113.07579020126144,1.796841268164083,3.941826099159914,297.962237007752,5.1080447709516825,220.41219876467252,1.0627345501605208,34.07237276885041,2887.1765391614126,Normal
51.595872552095905,133.40450446023144,1.5624137651771277,4.080518255403192,308.7189376354669,5.037072061160373,221.06598314118844,1.2744092004783543,34.042838193000144,2880.5961214794766,Normal
55.38003569299299,120.21311648671943,3.450595342876504,3.9575374303297655,304.3327458647163,3.2890284859097383,210.98430161872028,1.024759217098353,35.80137995303445,3076.30875348449,Normal
37.350474383742934,118.42557471114173,4.516938948316561,7.176151614382659,314.18330942383136,9.345258973798298,207.3146935209417,2.876165442209299,39.24092299335348,2520.211670189395,Abnormal
48.94434880586153,110.12820472848816,2.4343715164538478,4.053796318071138,308.2011521455354,3.979997935341232,220.84327335983363,1.6325821948708228,31.72880276767146,3211.6398569619405,Normal
49.50705933857869,120.18849622944848,2.8541072116282784,4.1632512918844515,317.62509307130597,4.729699332161459,216.9378131267978,1.6084510575618305,31.568821378038017,3016.2839558664787,Normal
49.8338500467777,117.9188314272746,2.4357312442805346,2.6827056681516526,305.6102007380723,4.574275920912892,220.799281959987,1.1916974577222126,38.797123522594106,2870.0737727678247,Normal
57.755657604213894,111.40791542807527,4.353772690156197,9.130373071131414,272.0954475236528,9.378731260415002,220.0058231804298,3.0305658536463485,56.962326500321645,2637.488371350262,Abnormal
51.44346814639928,122.6032183877122,2.432845629264726,4.567565791211847,316.3479097644177,3.101174421409455,226.52170121439076,1.0012524035892978,38.09763861302497,3169.0057705241375,Normal
41.27226855827841,98.83778568068122,3.8942953315140643,6.742094763653518,285.3794857372139,9.16949079840401,223.10308746119608,4.476978667552969,47.189159867108486,2647.694531563868,Abnormal
41.58280903889525,111.94129933503811,2.9824258165487287,5.130907976483762,300.1252090249606,4.026028592677685,219.86797121520536,1.584048347645882,32.57118944023506,3063.6091566696136,Normal
47.63080326464542,119.85547729121721,2.7731421240018497,4.004495588867656,306.5089128757875,4.412312156859335,219.55818520397332,1.3889966910353617,34.223611811998694,3239.7970755757074,Normal
52.8045972397062,117.0451968197084,2.848477202255368,3.7663263571707932,319.3849971006931,4.795713753758475,219.46348927997886,1.6343150777430833,30.287371543794503,2830.9848796635292,Normal
44.03037496800472,121.42943094763707,3.366257499742546,5.561910102334842,315.10440881152607,4.900675579955566,210.9947113292363,1.3371978600797936,32.636648744275284,2906.872860262333,Normal
49.15928090707605,115.27909422302872,1.510350094812106,4.523537179282274,301.41805579408157,4.69139749128892,230.37041334874988,1.224184622524073,27.40913743176101,2957.0993667179832,Normal
55.50479817499286,139.58347454220595,1.8852252027737917,4.347689456265565,306.2775163457596,4.415241316556691,233.22171673508518,1.049108901481454,35.76121898448372,3070.153975764815,Normal
55.42893162469674,120.97983153470895,2.654025269752051,3.7258460028047464,312.15301552996084,4.225446179602072,223.10785944928026,1.3891168991869098,36.13130118170656,2995.610577947253,Normal
55.63025125386084,119.48606276411513,1.6134837658965593,4.883345050499794,302.75414159309906,3.976986929080944,217.02169352978254,1.912331427951245,28.592977358063912,3470.662280048999,Normal
55.28028404533026,122.23238914129159,2.4725529996918567,4.1998878524003596,314.1689794270347,5.016172468760046,222.77802233001725,1.5268742043765746,34.407984739078024,2977.3090074519732,Normal
48.44073375717855,122.00655145300597,5.593556722280862,3.471533638402864,299.8385116479464,8.292104292078163,209.81291243554102,3.22803708283778,55.620563599930065,2936.8816155307145,Abnormal
46.135611660881956,124.07052287124534,2.014171632729357,3.0342672846477488,304.98626220328026,5.189914777906207,224.76562522688045,1.653925626029188,37.17528736054399,3077.426743067244,Normal
46.79259202388524,124.31922544673941,2.900204762613841,4.528003930869502,319.5113069717971,5.066643077760851,221.75724103770793,1.8210450714949282,34.92043622225282,2867.7188023158424,Normal
48.69546428844989,93.82646032790326,4.324821725025618,6.826577595141378,278.1137011850006,7.53805770554144,191.06385333046214,3.649305595161057,50.00602737681112,2495.7278422329523,Abnormal
53.296228342162024,129.3757013762656,1.696220067815513,3.46609265500365,303.8468612017016,3.748077519112908,224.14737420965875,1.441852158368159,34.206455476068165,2699.420645338987,Normal
53.17709015104613,107.60741605146528,2.529966315133164,4.194163856570734,320.8852687667092,3.4529436807047102,204.90243922089587,1.5551548634261085,40.40153354453256,3185.8419529409157,Normal
51.04829707637313,115.08363814367952,2.903561298318655,3.318517660206872,313.81086215484976,4.904376127333301,225.3010495374944,2.3278980116733234,36.177247901536305,2923.655456143875,Normal
49.872128439040026,102.30924095110882,2.152643434455471,3.7135022933208273,305.8072928165233,4.621883897626978,215.887900338089,1.8363092001973413,35.00062119475459,2998.604951829208,Normal
47.376842267896656,107.32786025788468,5.825098264667635,5.95944374114692,280.12825266387114,7.544410956835003,196.54129076526786,2.926519498194952,47.618895632276704,2918.597295178182,Abnormal
52.1004906320154,107.90384867051317,5.850897962167972,6.835153853920724,295.85697274893334,7.8451673706012555,212.6536234939963,3.0920689396718926,37.80591420861786,2666.430209453424,Abnormal
57.1137406804997,129.26215402241593,2.9826987422955855,4.865291505264352,310.7092607276915,4.657852565924476,216.91174052282824,1.405178143191885,36.847313449313425,3180.5826655753226,Normal
48.884429794552005,98.24716102722883,5.000527958856598,7.721448098714938,268.34217775799686,4.555728570294143,204.49463150508416,2.6455013018600892,47.45929901176345,2663.054920295632,Abnormal
46.374012727815895,126.78701301706118,5.32674476460232,7.360569231532994,299.333107160651,6.291750323328847,220.39111787420268,3.446964999425178,53.35240308620606,2432.0356917399613,Abnormal
42.23120616991968,128.1788965802503,2.688204763048758,3.368563911949743,303.04269534980244,5.4003478275318155,214.05294053566337,1.9928018859767889,32.298137796056395,3095.7587888412572,Normal
47.37105219400812,114.04781146623515,4.455885997885807,6.804648512713247,290.6137876309358,6.496718816327791,217.40824345420125,3.1407505034698904,48.85700042329991,2451.412656347872,Abnormal
37.18833170602345,118.08972237399831,3.706307710806458,4.549223001528617,309.8459169621248,4.289687336633386,220.11232946406022,1.664135734552563,31.457561554073465,3167.148254200331,Normal
55.72305052352995,115.77278588561902,5.438475738809728,7.023539989232788,300.0929185395023,8.887721200612066,206.45959289058976,3.098478758972169,50.50928147630994,3087.255037873797,Abnormal
40.087143394768795,82.98712101371339,5.164760841236517,7.0610652422272215,292.6001249655561,8.365929796862751,207.76797745365195,4.5429044070214575,41.995480107617425,2492.8757438049383,Abnormal
49.48372619925476,103.56811188845833,2.4120727977839644,5.1630291160096125,310.1670919063677,4.684560724574947,213.6991761741371,1.3150915775881566,33.87441085902819,2952.342735486565,Normal
56.40821897501884,125.57691060725125,1.944271021531484,4.172553344902403,313.98577398797426,5.412119230817013,227.90270343284186,1.1954717424516395,32.56742746636898,2811.3633211628076,Normal
48.829900704465096,124.66358374446335,2.993667258294551,3.946834283450234,307.44121981396125,4.621406393798992,215.82428549184988,2.1268616165084318,30.177016918645826,3027.711086834359,Normal
60.1180310961482,120.06799844559998,2.4049804824992527,3.749788204032701,308.55686654590073,5.598278779741224,208.94069044335248,1.9600301103888977,30.728128542649564,2960.002150614838,Normal
46.5660446376107,113.8282990465608,3.4018756481162526,7.5546071992983315,320.3646443493028,5.955238993110784,211.89706167610396,3.036612475542374,52.12943603096518,2704.786944353938,Abnormal
44.86810472764552,112.3180842730661,6.804348109786743,6.770915449927242,300.7963691322227,6.0600905631932545,200.4356362318199,3.8306843945162643,57.420580142679825,2788.903337196415,Abnormal
48.43470984738423,119.99291405423354,1.8747961330151413,4.423160728448757,317.0586644985873,4.138327733733536,217.6497892612025,1.5797634688956146,33.68984079187821,2990.0801078061268,Normal
60.49860894583258,117.52974299254004,2.320829923989389,3.5467207360553887,315.9535357719995,4.355020661425518,216.75313480839287,1.8963912096819036,39.25880901354091,2909.9364651391943,Normal
40.66730024319692,130.0751368983692,2.157685087119998,4.553437919413938,294.2391694583053,5.214077870639447,213.94414035359608,1.7192292357199572,35.0428192035093,2856.9090870905034,Normal
47.9648184353661,126.86318456956701,2.552947226557617,4.409089086330739,325.8115246761239,3.248606710631159,228.08606287484312,1.5313067812569638,32.30364785503062,2800.4529561391514,Normal
49.054398046114834,129.21650111924458,2.436225439811233,5.057808451173143,298.39059447958755,4.490328841723156,213.7380327779344,1.6090895647874903,37.6606621702919,2936.885730947842,Normal
36.978930716864326,121.98948146796495,2.718369275866755,4.2830063284731885,319.8862575345772,3.643157056280761,223.40108052725225,1.8577522537433926,29.66423724798045,3047.947773887847,Normal
45.96656135193863,103.77715990347531,5.347676483538336,6.415325723063737,279.8643788125758,8.051228626232037,199.12754061137198,2.7399224097803705,53.396866414782515,2412.801491210336,Abnormal
53.331562504546056,124.6259129285395,1.6370966356047016,3.5257047433650417,319.55287522437897,3.7150675750882547,217.67797868845307,1.638618267975569,37.350171527847785,2962.2691670933254,Normal
47.012449026541795,134.22369861698508,3.3694498318987893,4.685200635547257,310.6825451405202,3.853387422687259,215.84777796721718,1.6567542315797272,36.25519466266605,3210.2397889419644,Normal
53.25225046268069,104.96919698240183,3.025973808861459,3.301357560879911,306.92822982438116,4.700160165001355,229.97833744891983,2.432975566801608,36.820169177408545,2972.5205071919418,Normal
52.67252824240275,128.87655425873837,2.339666187221404,5.2566479491386255,311.8405660735312,4.898194471273116,223.32962126027232,1.6264759831843367,37.516821501408835,2907.4120220179616,Normal
45.53358596843176,88.49768650542458,5.439501230620227,7.934723804214537,296.8665929922783,10.511738650021305,209.94403981170953,3.968119158914759,44.541495619303426,2603.2250743813997,Abnormal
55.56430206052622,117.73653166114715,4.706033052335818,6.91408089777032,267.2318937997879,7.464456198790086,218.90383163519786,3.9026435112745963,52.503328606906045,2712.44342179524,Abnormal
50.03531579314088,113.39678860526553,2.8494142101012674,4.2946810610725725,313.93615078394237,4.079172125865936,209.23328540064378,1.8291458135261087,33.56348763197479,2870.583635393532,Normal
53.46739455956997,116.07987360080871,3.029968192023311,4.431904164703688,315.46855458560384,3.4072354310395725,226.059719926932,1.5783751593701567,33.89216858226139,3021.5082701013375,Normal
41.1188238355084,124.08652811480671,1.985314245908964,3.053130799909526,297.8211265102569,5.39015069999194,216.85368303153606,1.9601183129749498,33.39259561084311,2743.896306361058,Normal
44.4173778002567,132.3581162000694,2.422050911031666,3.6161988924565796,311.2801458068223,4.901426188934036,225.5869940795123,1.934549768967878,33.92069406263274,2801.0928470876943,Normal
47.93267419438362,122.60280506582886,2.0181205368946946,3.32999435957347,312.7503030523991,4.4610781187436395,220.16398497705794,1.272451399589979,34.3087978573827,2861.3650283597544,Normal
54.450992055623935,130.35249334723753,1.576906068880953,3.349342397865313,298.02776595927935,3.9799808524744815,219.5828101510482,1.065106434090441,32.23442056062406,2849.4063941877753,Normal
51.03633664699472,120.6934433703625,2.1391312233313733,4.123774610497579,305.6265593233019,4.282675911739157,228.36726045149268,1.9021383155371043,31.101256289217208,3124.459862681876,Normal
54.05698277245796,108.51736711247382,2.9093888218774304,5.076552342888787,301.0196415500447,3.765997743188589,225.08830733421752,1.5814485932476945,36.65442882571857,3051.0883824600746,Normal
51.95347960464072,106.73527871688917,3.023658853310724,4.818712994699442,308.1648740474558,4.46521844014891,212.3444624872214,1.6542764268053505,36.71617232514243,2990.6713474501034,Normal
58.99482687896402,99.98884153530089,5.5646059258936,5.776402793569462,289.64671773688644,7.738468613145746,212.2530792204094,3.241331149816649,49.342637021641664,2906.5117928603768,Abnormal
47.81617881380891,103.93422899261321,3.3747919521027105,4.96701785508334,299.66189843915504,5.0517662441961555,217.48512614724328,1.579046164599318,35.88267238704048,2964.838829952552,Normal
46.08117167206802,113.0945894768374,2.041904042259379,3.4177244542386886,309.46257367960516,3.9273920087113985,223.4102603285631,1.9461738466007783,33.25984027588987,3035.9106750803066,Normal
52.49842555151467,124.72002270919275,2.5379776339580435,4.519877692851805,313.85799162144525,3.5098700621381616,224.34578032194636,1.7661872511800225,32.71014168746426,3005.69067531714,Normal
55.466631942488554,101.86029270630958,6.072978047766012,9.836646993543233,278.21020951047524,5.928433095269337,213.03818595604875,4.005093753588301,48.845668130776154,3063.3151658302586,Abnormal
43.30697100138376,126.9291862303161,2.197069589620553,5.203564534345108,325.94012282534493,3.8866747297733215,217.25221432045709,1.7578763660939405,33.83860805063146,2993.188317310164,Normal
50.12694210271205,100.80326843802344,2.493081126952881,3.5171905581550784,306.05501742080185,5.6549056027750515,213.71746552860373,1.7439615560243933,34.163111209004576,2958.035974725625,Normal
56.32297516841369,110.10076941853336,5.570612997219531,8.161821592639434,285.03037425225017,7.081644898238375,199.14849473442203,2.9222126290147314,64.74547212654363,3011.169895184197,Abnormal
43.24462816895989,106.7754204325643,2.740933030859246,4.383085358164577,314.3910706825389,4.296035365157041,219.3727286999855,1.5983638572478072,35.25767901887999,2667.1049440878696,Normal
48.85100184712403,111.48593565739687,2.587605709454256,6.089681301822386,312.9398533237944,4.249176251062082,224.60900750988625,1.6448063661627639,36.26028347135552,3091.0275889823506,Normal
60.28271782414771,108.69111564674084,2.736816038405727,3.3515332090129233,314.444101170738,3.7650507908111246,217.9131659319746,1.411473025728628,37.92745015803413,3137.768166591362,Normal
43.77141311776808,120.5493411099985,2.1452100726254137,3.1190465625272656,308.26386359660506,4.253213769235344,232.1335824317276,1.6298879476082089,30.86714749773729,2915.2838993743585,Normal
55.106916477146996,140.88442772869925,1.7070083438810209,2.6840529304026686,324.96772140297423,4.811691341896723,215.65853634061816,1.6603887258367305,27.092756782949365,3000.506325989574,Normal
51.63910586421542,129.2427013953783,1.993052023853731,4.059981012982352,302.5966029915233,4.704307004539453,215.52326838818487,1.3775697482519338,32.01255381562931,3097.6704362735486,Normal
54.29225558328333,117.65379430042586,2.5191189974800143,2.985986009756519,307.6025868159457,4.459836306366604,233.10396545514988,1.166409892267751,39.39253171625731,3149.528816019871,Normal
52.245091235921095,131.379307262927,5.372105472606863,7.466991034801515,289.2031902047368,9.835353323627942,220.96469233810885,3.062025898752651,43.40376402700616,2649.254840651086,Abnormal
45.999807178011764,119.36475425384644,3.1187190673420697,3.679888841439247,309.6574129495074,4.546418187846716,224.24215441102643,0.8259331998046184,33.17989911570411,3031.692553841921,Normal
56.00039478213431,115.08097552493795,1.561723646979063,4.433798012176295,304.917100889395,3.548266672727711,216.8782730514339,1.4446423927032452,33.185766006385364,2669.1650914351394,Normal
54.48533098443566,132.74875041278722,2.8257609956697527,3.2036200307026284,308.38806772841986,4.494782947816433,222.99397194780954,1.7005021466154242,32.797478603664516,3012.299333462034,Normal
52.28640202307621,134.55822322146767,2.8522532699123615,4.552339681162863,310.6706130234349,5.628367316162803,222.0488139797975,1.241673626947929,39.21010991037557,3104.685490880854,Normal
47.78477989435759,115.20507032600757,2.648287772570381,4.324229356687309,311.57833812504964,4.749046938754308,228.4997868728819,1.8214629456704656,35.57190677379507,3141.1965871151224,Normal
44.837380482362306,123.97927049946809,3.404653174866555,3.8473678732253385,303.21892857104734,3.9783288891255513,214.55183481328805,1.264571427561689,33.88847570422991,2789.1649471232035,Normal
50.07809166974801,129.02277173786646,2.0461219099265398,5.063498746549238,314.08633670822076,5.3244644684992455,216.7108272307393,1.7563575681199848,31.72419829881406,3133.5371251254765,Normal
50.85919669896766,125.53251219984784,1.912202697187574,3.3734511104063767,314.7778257460271,3.7413215966206392,222.31603146049562,1.0898586580619263,37.544522638000004,2815.121502784724,Normal
52.76149968839761,126.25630933646,2.1516140907852126,4.4074185969593085,312.08353810666847,4.06892651504581,214.95722657961895,0.9112122924982263,36.048950141899084,2765.2795842956916,Normal
50.47672099720654,117.36551783917751,2.8395713877190976,3.788568150357095,307.3644177092233,5.085496563430636,221.67529014542058,1.5948467871548335,36.40780276942558,2769.664181518934,Normal
53.78394339993491,126.12468794013603,1.9916584357117513,3.829143668428059,309.68554169897897,4.3924025724786135,221.66929983284268,1.929410034549355,38.245300183018486,2803.167120985289,Normal
53.110349951530246,133.2893331953541,2.693404260344601,4.763686297630176,326.0981635656061,5.318967636885585,221.24654297820865,1.813526542225426,35.43466349929067,3003.585456492743,Normal
47.18868611429014,128.45120038248163,4.181571334057999,8.83884126961374,297.4979618561056,5.9010407377970875,213.67649292991422,2.0299814446438633,53.12754008415518,2921.3078707472478,Abnormal
47.038220221739735,121.23547695955583,3.477078716875143,3.6459773070166444,301.5287393035472,5.685330721970079,229.81293595265396,1.5011087015543543,38.03438910622507,3201.2213873296323,Normal
46.28757883730808,115.14694164632132,3.1154372565773674,5.179509995095956,314.5030468813948,3.7961485171983567,229.9353055584972,1.3407087306564107,33.994586656485644,3051.350675173443,Normal
57.77080210357387,128.53975976552223,2.7074327501809554,4.324301971082674,310.34811734914774,4.946511611614805,207.35219961152848,1.4110177622790605,35.72396580475034,2827.3478874570737,Normal
53.09058654249248,101.93293168520817,6.7554756983154896,8.887623670257828,283.01291646322755,7.773743432649957,209.26052434391607,3.1838383666882644,50.97512492014064,2510.4294827781023,Abnormal
40.95507732049979,114.34066835850403,5.629529584221811,6.034821088408009,303.430331461439,7.052633406252003,212.53165238037982,4.074240808828719,49.83193717648143,2813.6852280352837,Abnormal
47.41785178056214,118.03533416571902,2.3970702845598297,3.477395157421833,308.58580669507376,3.261105360909003,217.54423126428946,1.4145373519890987,34.23146074251386,2963.775383119383,Normal
49.69117900069936,124.79441518086064,2.937258537066261,3.5451643412062133,300.37439315688687,3.666364470205518,217.56398539402537,1.3944236046550473,32.69001180140763,2805.582500362516,Normal
46.351033380206495,107.72139930170957,5.595029465835565,6.331092336270014,283.8050326678485,6.609952536729034,209.68560829625224,2.90609995606643,52.865639066206,2253.533377016472,Abnormal
48.20185163773769,123.01107339191742,2.591917258161252,5.885123564786348,312.79840019654324,3.696756322526392,219.52267876455463,0.9671260999600645,34.758200752109715,2875.0415914498863,Normal
54.57695137780081,114.50459725404465,2.4416170421023766,3.5551095110169175,323.9108108148267,4.243005787105671,229.16278521739602,1.7442455286354799,36.44620018200616,3055.309972097628,Normal
51.96898649108126,100.72327420654389,2.3605583029246215,4.591610579829025,309.60882253220717,3.37584812255714,219.73797774711267,2.0112316548766476,38.74067514660416,2990.6993985950953,Normal
54.75724638529043,116.33492979631949,1.6480642065866404,3.3528738083093117,322.50311014806556,4.280805534536556,218.78308010312492,1.4100485411175359,40.71240976871902,3243.8938373043093,Normal
67.75024186758507,102.61432184399924,5.295624488747095,5.180028940695051,312.1540163917741,6.248330673098097,212.1677556376263,2.731888230657009,47.05566586630652,2490.6843922375747,Abnormal
45.13699791459346,96.91315945276531,4.451731205074923,8.000000694136368,273.4270581040622,8.3308121405208,222.1795915230556,3.140762544840623,46.41040554626199,2642.3688437049373,Abnormal
55.89862604180355,121.94107630953357,2.234392852696201,4.3387136558316275,301.1816628013086,5.0450876083543585,222.04303653850883,1.4076574586583348,32.484242604658306,2866.9978616574813,Normal
52.67408668172955,132.28980502489063,2.1813461264856024,4.320870692486039,293.3037838511834,4.03230581547424,219.8447053356455,1.2270949749054498,32.19048087563121,2899.833066529667,Normal
51.460963641631864,118.12670981593625,1.380884383337514,2.515509893155454,305.1450785771426,4.866149268842841,206.26247578637384,1.3500809471545108,33.421256430447734,3208.2506667312673,Normal
48.07489094143568,123.82988984740929,2.5706285700437315,2.5086034641349597,316.1456577330539,4.67231720436503,222.54134319837294,2.6778713119308977,28.747661181504235,3258.7044974641663,Normal
47.70041984479715,109.30993356604515,4.954487754698758,6.490916399922348,281.4525060764186,8.494263103359513,194.8282630332832,4.025405417265236,47.91902797557373,2417.4826652399106,Abnormal
46.39989713603349,123.8572382529386,4.4646649129837765,7.430144341851545,279.0356558642679,9.136882774885429,216.85507738790204,4.794026183307488,49.122180272503925,2867.163701189477,Abnormal
50.784540316311556,124.43807672794522,4.28116761239127,7.894006375452737,287.0795405582498,7.9037177343372536,210.91752484448372,3.6765682774986743,49.418854784390206,2753.6782957926316,Abnormal
57.89059028781092,129.8544968561522,2.9345772962484484,3.6811223317832904,302.8860733741734,5.264240446590202,224.38023396264896,1.9418012027252947,33.188058122092315,2965.567701695948,Normal
41.80257918737283,116.07528893939127,2.9982852552897237,3.6734532345402613,315.1238383616066,4.347597515201751,221.62028514110781,1.1556925830552998,35.2556283489017,2551.3296043648916,Normal
49.06551920919008,103.6952675628486,3.102997258273408,4.544185146935158,313.73336785572866,5.716804981727504,215.2554173958758,2.0242089593746675,37.79657469278116,2964.516706917158,Normal
59.084961177463555,88.4055973138255,4.175485838472326,6.26969233211236,282.06533437903977,6.415163535859621,222.23083067095325,3.318801919741118,51.7625248417844,2557.41215839658,Abnormal
40.896983497257416,122.70057358391422,1.5438725122901116,3.951956167740172,299.0534796893375,6.089820799384647,224.5568136108736,1.5317261373814441,38.791120032964,2873.0526033801398,Normal
52.71739689335047,121.99810433718713,2.632010040666835,4.890647450074738,315.8599368222384,4.730978930260019,211.72556281885852,1.211986111416161,34.631873199212826,3014.0058561414976,Normal
44.34898137663038,144.11676675578423,3.258197027626786,4.421482824274738,310.57629489026993,4.330232824079078,215.24040769988883,1.5232441555556588,35.773257620428254,2813.7359136777563,Normal
51.67088208622449,118.44740951175251,1.5460962210613045,3.3977304924543485,306.69115573262684,6.010150125872152,222.7827656226688,1.0993555292700325,36.458108868252914,2767.904401659245,Normal
55.41345526943537,115.28875348182122,2.4531819056304145,4.928057653279533,299.702691451326,3.382305451909607,217.08200336826997,1.811513655305795,30.441961773569474,2575.1766602834145,Normal
47.744205707955004,125.51740799910921,3.1001308748694147,3.6757870465402207,306.708587143072,5.423120587404598,210.6512915015229,1.3834437674450972,35.57127166977517,3067.382808192755,Normal
47.450966534045584,120.34441011705842,1.2558363232935053,3.539226111366306,313.62806970043573,3.7141647725962565,220.294921107948,1.6340617502408095,33.972352397426704,3025.5695656494854,Normal
45.18633717357694,117.93388720303953,2.805108084794611,4.109881072677904,305.3077498434885,4.679373123432635,223.5730489531831,0.8850176164267566,38.47722219486769,2949.561789197839,Normal
52.12744966620115,131.97246923645227,1.8141631513847671,3.5033912983007176,307.69161043299437,3.8729971831004573,228.67468287918405,1.2429683718519622,33.3333596615394,3030.6583547404466,Normal
43.98925236961956,116.04319288243737,2.6587266306250874,3.766997716932242,309.2529051288004,4.076534310041303,212.42764845409616,1.5964779634017716,40.264799214941725,3002.7602446175156,Normal
51.126320586237746,126.9272275511686,1.8653347517266505,5.191760260690724,311.61863037138244,5.805485519271287,216.33483502238005,2.0454185767673474,37.325466482104346,3082.956012877854,Normal
51.17012227176574,117.5147138192555,3.1002658292369363,4.098251908893633,294.2634423713028,3.606250830634398,219.07077123903628,1.5929996949496665,34.83023453330031,3182.8456184690494,Normal
40.24449067980687,121.4358793650516,1.5910103873064227,4.531798606838918,309.24433028446396,4.835687977619295,215.68058519705116,1.8838394794973254,38.125173992176556,3087.5316454517833,Normal
49.3524137656828,125.79857285295132,2.1465537160063257,4.598888961314499,323.1958471545914,5.356488447983349,216.35198765096294,1.6084251951819308,31.120575368724058,3085.8585466763516,Normal
52.253017064312694,101.30183660467836,1.919108078043818,3.801802772279363,307.5931220228734,3.532418451664956,221.94489364676093,1.5754420826821536,34.41719260406444,2886.6312749762455,Normal
58.38965701133251,129.83110669632444,4.516438516153463,6.265399699414215,297.36811498117993,7.462955930379521,208.60602799336766,4.0177572062072695,40.45321956246354,3029.5755812131674,Abnormal
50.363402621646706,115.8850685543782,2.4553829228892754,3.9737005485143633,296.1503895724406,5.695950581962589,220.20662816135308,1.6329006391342125,37.85464931172213,2846.825631365955,Normal
52.367359495176146,117.32358909101207,2.923385387608247,2.510940805753953,309.20724559806985,4.01774347537283,222.16131475317079,1.6410132562104607,32.877122315533924,2893.1739203735933,Normal
49.446673157213354,111.03357772684792,2.9209918477260635,3.7415549596867876,286.7440942454269,4.200142354702555,214.80728089578014,1.0106172553617163,31.287720085332282,3016.4112707749455,Normal
56.643204141241156,123.1318447386498,2.19674830589213,4.319132936619492,306.3272775182481,3.9443197046694842,214.22818665883509,0.9744513579744842,33.83022888032166,3023.70802348802,Normal
49.51688164992555,115.84033072052641,2.0271269696516097,4.425772334179478,299.46294464042734,5.1208223310747805,214.98891490536639,1.2742694287940894,30.59964442815297,2924.7896779671546,Normal
54.87656229238989,125.15628088443957,2.9892110560140175,4.365499782153755,301.17064137175703,4.235368620537954,216.0990043544127,1.899172471211712,31.409634060721064,3134.0546534083664,Normal
57.143630960870155,132.4443030257413,4.590313407370503,7.854786591496195,324.22477754808267,7.073537484599455,194.6495975246764,2.1839929762645656,53.563560144306656,2229.212447985354,Abnormal
48.13840473531039,124.37313187038961,2.592587768414957,4.297811404928921,311.7783188464068,5.523092650650715,215.23841809630602,1.2969014584624405,32.68202166418753,3124.5287717793917,Normal
57.20318870716051,111.76837978977763,6.183493666889928,5.586350959148343,315.0083616732671,10.284857932568388,217.35621997245747,4.747259236139742,41.71688396161113,2568.887965934337,Abnormal
46.32348269659024,127.21479323757343,1.9749296301989272,4.53024660453624,320.96428915197373,5.0561623200672,221.4187551183075,1.2036379977297753,32.45944710162391,3187.4428357945,Normal
56.23479203124266,104.41470720933684,4.582090454234109,4.569030552266348,273.9372137197334,10.867128630709585,197.19544428997534,3.6326358748547563,55.03721986597599,2386.2693329994268,Abnormal
50.923552373905416,129.37915537510656,2.506249660953625,6.007882138966737,296.65120592897443,5.346982823907103,219.13599131301768,1.7315760464510026,36.32392145509774,2890.0265704335006,Normal
51.144981962296704,101.42098548601713,2.801623750285697,4.208710926193368,315.1092813491448,5.3464946600697205,221.83809920104855,1.5444268259394829,32.35679499001613,2893.1668854526424,Normal
55.93367310088666,134.36335405705978,2.380944781843973,4.032201923077292,302.7630850000499,5.438205476213956,223.32708411845888,2.082365230939125,32.365030768460784,2943.2988151472673,Normal
51.15722961262786,126.4648953772577,2.392166181226184,3.38892723668241,317.0512602313886,5.0769082900364655,215.41862949718137,1.9066328403316488,38.510596127589814,3020.144474587169,Normal
50.39798931188018,125.54057771115907,2.069148464871871,4.021022035414857,292.78093164312656,5.201164516402349,212.19253388779072,1.9510259485286996,34.00963971810065,2968.2499527103237,Normal
46.861330469577474,117.11961126077924,3.209265672574018,2.2585339404254445,320.2157230887055,4.770418784881366,213.96489176071393,1.1774062820852287,40.02917908162461,2858.1739680085902,Normal
44.233247447020204,131.3731454236473,2.669276438142957,3.343452096424521,311.73299980323696,3.679397853087778,225.50410699211304,1.81841128946194,36.59601859646583,3054.2491591870526,Normal
58.80594062433687,119.99686327388225,1.9090629372895993,4.314631738982615,326.6883763962969,3.688192405451318,218.19268616653008,1.6249338114304357,34.83828545298278,2852.654462943403,Normal
55.60928928115236,143.2004072201726,2.5980657295119536,3.3671521971848,297.6083157995722,4.706380784976945,225.5193867165813,1.6425503239486146,34.99278847724344,2911.609252231604,Normal
41.26269093825528,117.52126989487323,5.913771621385585,5.145124255971121,313.84758467271024,8.861106831341003,223.99594645145794,2.5605105760604197,43.17087922292281,2662.7576725581757,Abnormal
54.02227541516155,131.94541234390445,5.706078913815132,6.70878246782556,274.60446188501163,9.845000859078725,200.35294574249286,4.6399279883406255,48.57807675196745,3097.6455181544625,Abnormal
55.43145032047423,102.94506765836313,4.480603628173873,6.590910547184704,296.42475038562856,8.115734744326575,204.06188591931294,3.3840580127776576,50.39288514859575,2167.816476396297,Abnormal
52.29084057394349,110.20278775283194,1.9233337983971275,2.8188589570225027,295.6488600170569,3.4156419975101686,216.45489521184754,2.0859777412579703,33.42236097231439,3026.6625159402047,Normal
52.00240693253164,121.3106518621585,2.461278269637003,3.163294365480529,321.6074203862337,5.945757314910308,211.58670652938656,1.1927914227340861,34.16056897286898,2855.3193307634715,Normal
54.04772442764692,94.07591696390081,7.165056067806603,8.428658313212315,293.18861045948324,9.540479394979599,221.0590042435731,3.1052367583592297,45.91891377729018,2719.535765742412,Abnormal
54.30818062248972,121.39060398653417,1.7115017589045014,3.4380228892344107,309.408217091245,4.439467516539335,229.86271088394903,1.0842036172803007,36.51676772550763,3223.3669662492434,Normal
68.17159796338237,98.93403865224059,5.4914294527202,7.683712428638376,292.93222597329935,7.851732198141041,214.35975389500047,1.7274277403462204,53.410347450313154,2731.5444759154916,Abnormal
48.22020082577388,135.70293293579337,4.325065981209447,6.516308813121963,319.873299533071,6.751908042725216,204.4988471706346,3.397082203598405,54.20367241064775,2751.9506268383284,Abnormal
39.6589972227819,97.01747155309215,4.392645566787788,6.907334745732346,296.38765487944744,8.627308633831959,192.23988245951597,4.244758691292599,51.262844229983116,3046.1330118984765,Abnormal
52.22099163645336,131.01322957735763,2.7332726557250635,4.942358029341924,314.17800508814224,4.421667802845676,231.3621736022344,1.7667111366839676,36.72123326301324,2808.5543375192497,Normal
43.55846191268231,122.92715482141854,2.5727605988841202,3.5701142044941787,311.1278615968965,5.770901542434877,223.4770123727515,1.1576974470741785,34.66547351857117,2879.255027872116,Normal
46.89840066873151,98.79576501555536,4.522354417395995,5.493837553631926,288.08517977722715,7.159088544729035,180.7055130999773,4.937080417151164,55.44384827108336,2605.924818768751,Abnormal
50.09409524870299,108.28345652682438,3.347861438905433,5.328102086341178,311.2535498259722,5.318824515348275,220.87643389466962,1.0989823683372208,33.76452989310903,3019.7891950157937,Normal
47.72726140628278,117.81346722564965,2.454300221245443,3.943385051494177,310.4180679239799,3.651515946882719,216.4149192543603,1.1146247202900093,37.9334466490586,2684.152958723951,Normal
55.767951716584626,133.86349397262842,2.3489097065086892,2.1778040385208914,307.10951550426165,4.4486526709689445,214.94700890035543,1.3454344818575272,39.59058559659005,3099.739074345261,Normal
42.6034870849752,81.03601245606852,4.672982682390229,6.743851864779474,297.4429878104497,7.197024931148512,215.11499575361862,4.854607828042161,54.07750511222131,2687.977873167307,Abnormal
49.08424764473352,116.43326865820129,3.090320456226072,3.560880587834088,310.36178167199984,4.540958321504868,217.49107903594233,1.0882603356347698,35.968923510853,2990.8494042216926,Normal
52.50120234718285,114.66399693560834,3.110410649406524,3.3862583531517085,323.69632227214316,3.1018907921373904,222.17385032278446,1.6426292047579871,32.613328796177356,3063.659090679152,Normal
56.3975933488008,97.83181160645935,2.7513724037454073,2.2547104257689456,302.2746815718143,5.803333091920756,217.09108983303972,1.1478360106773082,34.406186813045956,3310.1859507245326,Normal
40.84158876396987,109.48690088360655,3.248715841589813,5.300391640476413,309.17255020567774,3.508757837978686,230.47921750904578,1.9783327175247591,37.0368409632867,2878.139647659387,Normal
49.607765273295705,102.59459878432754,5.330851304615578,8.741201725757604,303.1912556170611,6.383935884522863,223.7649645001954,3.7191924980092086,53.43532897929458,3066.6352148196506,Abnormal
44.442098752432244,119.64174421293536,2.2342727243203924,2.9024984022441807,312.77367982083933,6.509245241267539,210.79961127747123,1.490315816685159,36.92162880522432,3018.461730248427,Normal
49.434359737421296,107.00783636554176,2.6163933714700818,3.4702652160888516,292.4806263601716,5.455673776410984,224.79192909921022,1.515498293055324,35.687224064617105,3161.147701907334,Normal
51.79471725422466,118.56026332141971,4.7025177991261495,8.574380486288735,294.81178588899024,8.291077915408811,197.29938911287968,3.700869098011196,45.840225412527744,2540.4293183678765,Abnormal
45.92312185841939,109.33765068100774,3.5623857015084806,4.9319373433918825,325.3629400171541,3.521683984355549,220.35626874955446,1.1119477124387713,32.91291536840881,2862.280952487514,Normal
56.197920032207804,116.0377032189824,3.0341896668470083,4.422884622711963,328.4291100168383,3.3164446214882206,226.296166198934,1.8439322611202182,32.0798634859189,3151.070000470974,Normal
51.68072481513114,117.72523740046593,2.0880322565140004,3.49662338398557,326.3984967662874,4.500546255165986,223.9106500076573,1.2627301854997341,32.660441161335086,3162.2977213874915,Normal
43.25211894224234,115.84786232094729,2.517013705536116,4.077960821288037,308.56725371987073,4.816655824876738,223.46427877908906,1.720391263637799,32.04258857399652,2957.3767353106805,Normal
55.973814309384686,128.94647187573872,1.813570274259468,4.246035930246541,294.17419800500153,4.5375479216482955,229.4888350837299,1.2156321848193041,32.497030863525254,3114.604467235929,Normal
37.65758787832283,95.50867455172441,5.596441137581753,6.238856982772717,286.46045019183543,9.116278565472552,214.2154608353656,3.6867728774067814,48.304388603649805,2792.515278817239,Abnormal
49.01013855920195,111.86708414888678,4.503067974882022,6.780917230744551,275.1506331117198,7.947488584990646,201.88999136371154,2.7201674848866046,51.29330573927694,2753.184943964415,Abnormal
56.26298987958858,98.53311645637352,5.408052846836756,7.660957086728396,296.6716071174739,6.761519475796787,211.4936348227119,3.754898207238263,50.03589233453971,2178.380585407229,Abnormal
51.28391699178784,138.18796559095864,4.6399607312430176,6.126307482573615,295.60022839567097,8.468567315699858,221.92735165416414,2.6194922908637785,53.65690126287496,2847.605515312866,Abnormal
49.289267315297266,123.3868731792169,3.0147287407991787,4.610620766019915,300.8558455034102,5.156126549404387,219.6765569748374,1.5218622294046547,35.21959097300508,2977.463551680261,Normal
55.958537485535324,119.16282040150789,1.9402269358084157,3.72452910082119,311.4295577344838,5.48337182743764,223.01547342474416,1.244839416375887,42.45556975003667,3039.7162966466967,Normal
60.20312590399212,102.72428349634157,5.53335924470545,8.007362205422085,308.27292067631384,9.586052458067337,218.72197000072978,3.279439288164124,47.141269790219695,2783.1518775810496,Abnormal
54.66564036170534,117.77279299223393,3.032585982857193,5.016831721840326,302.66943264741263,3.830463436962976,219.29812470547333,1.592283800456759,33.426298958698844,3202.8304018300714,Normal
52.12033430759226,120.3944704824074,1.7820452380657361,3.078928928500745,312.24807400225444,2.793923499076131,225.06318704822036,1.452553846688304,44.729278908784195,3346.1874375924167,Normal
48.548407446019866,103.40494496203027,5.99558151400203,9.043807131901644,265.42956413845974,5.32043680196797,203.7796519444562,3.907916308221705,52.48436795253799,2967.4428637459623,Abnormal
40.40241977307753,70.25784205546685,5.858014195302145,6.006164472441719,259.7226820341704,8.217595618939072,217.93175688218676,3.414560007515106,47.710758069087554,2660.1594419635235,Abnormal
48.14708618799609,106.51952888059833,2.142659661504784,4.36489593350967,312.573428331012,4.634447844773456,215.0242575907331,1.4455490513593,28.468804860671437,3026.7714995828082,Normal
57.14428853906784,105.25867867957894,2.2070361633411224,4.230374745097091,320.02274107541984,4.141420306959881,216.5387483536705,0.909323057275175,35.31031438792432,3306.3114060215617,Normal
51.38679230982338,119.77721020816287,2.6610411553834927,3.9922355972359784,303.495885021919,5.158623932542165,221.12880761555877,1.5052839755800973,32.07390191816525,3195.5261897902137,Normal
53.32351372666555,114.47079162632699,3.0009124268409684,3.6517004131303548,303.7439720599117,3.8922375060157703,211.14465723455953,1.6414627141254616,29.50656536498495,2815.7334253101358,Normal
39.62205995460734,119.13930307209107,2.424839769864064,3.7713126507695454,301.6593784426354,3.562212997250688,222.32184931773287,1.3348344204874536,35.949074964608435,2867.2126970813665,Normal
50.90531371385541,133.03278037316065,2.7930829001963917,3.711310327248464,312.05759176284744,4.307467860375829,220.03940092347364,1.4023166843554489,34.50699438234383,3031.8140029611263,Normal
45.033206502090245,109.84121173010021,1.8057287230843944,2.879810226847403,300.26173846223617,4.627570005443303,215.53606242254057,1.654084339269329,35.10414124625768,2704.724367984292,Normal
53.27487792110845,128.10798645591709,2.0030686625825735,4.294134080026494,303.1480141007264,4.5781363013986685,213.67750796522517,0.962068064239627,33.85154843116109,2981.4406580587747,Normal
48.01160153192698,108.1596944177744,2.3000504689344314,4.188506326806514,309.6408557590197,4.646000824479371,216.64942399772883,1.8515153744148478,31.47147999033566,3073.1340445630076,Normal
55.909455464799805,124.80908092748895,2.398737886467585,3.6301920673359147,318.28870120837007,3.3616200597906616,215.14937869810177,1.3807326703524836,38.71296127253599,3056.9651454061345,Normal
45.15977120744877,116.89692294615097,2.1928384279518527,3.5031477054365254,317.83111646845424,3.4026054965891954,228.04390427867187,1.7484689070553867,38.272585011811096,2930.559073196211,Normal
48.80047424736713,83.50272278212933,4.475337592933197,7.592385817171781,309.44094592672093,6.339264774796322,206.34494063014733,3.3940905458372344,43.021053989037576,2847.8373104396,Abnormal
46.38004834128695,118.04609648822976,2.274025314044061,3.447463045996228,309.94364011615556,4.327512337145582,218.14071058860668,1.281461513495897,35.95857401234887,3248.0425902738425,Normal
50.69943616419564,129.9611821491113,1.8048890374232687,4.110433007505638,301.2210534482315,3.3184600579744785,216.3031429627048,1.857569800324072,37.85004748600894,3036.45070830816,Normal
42.33649720055035,118.03719348612063,2.650850004450868,4.122875360705018,295.24965133215403,3.7877457215841024,219.67961117925643,1.660887272855157,28.41161653670016,2975.681403678021,Normal
51.144390159031616,117.7441798277432,5.692857584237437,7.699085582570566,278.000892399471,5.137996794315039,206.069472429386,4.201142277645992,56.96727263762216,2877.6372755744464,Abnormal
52.14670411400867,123.79639648385965,2.2219406266196096,3.908957794512466,323.35255620661064,3.745953595366499,228.07389395354926,1.4033915536523824,38.97629632728523,2788.9777485753693,Normal
52.92952100582325,112.63229864052379,1.7923664040379061,4.152973829687662,318.07577430876773,3.824046849125203,212.504920197708,1.4724465706995136,34.73769401366846,3082.2479441331748,Normal
54.74797285682244,119.40584818727505,3.4277516573971316,4.156964321174704,307.2285879519448,3.2107461127177377,218.68670239841916,1.399083916376659,37.88091438884441,3069.372543610028,Normal
44.10315439183692,121.72254386411038,2.8357655858645265,5.069621951571483,317.1000317393125,5.108677323449182,220.3004299730758,1.6164936016270348,38.74851470211848,2800.0833903780526,Normal
48.25280336391522,112.27431251243759,2.6895765593630623,4.861155522955551,305.22420570623143,2.5877565060244496,217.93889627487766,1.7740421196052218,36.612889708849636,3064.2279371715863,Normal
48.6000334906276,107.20969263780214,2.7576471608122337,3.4160027329757625,327.47277386704366,4.956405766683613,217.09675848723023,1.3165844257834116,34.72116738015924,2964.0747116967377,Normal
55.58416887764977,121.86416169744047,2.134184130545736,5.3233084796090475,310.3944666521618,5.115071740775117,216.9588674627762,1.608934688323357,35.933329973429586,2716.552606185577,Normal
60.076375552303205,132.90644460922547,2.301402341927006,3.2284111816809014,312.7804929104284,4.569358159531517,221.77834474281616,1.557473218858227,36.51872296791778,3217.095854908771,Normal
54.54482564102917,89.25516751635088,6.362562852712452,8.968737476185945,337.28085101768124,6.314758950140603,212.42882013150276,2.042530907767709,52.765745781896044,2562.949925458307,Abnormal
59.617228974124764,112.25385029981418,1.6554084810163692,3.670115381508236,294.1960978302629,5.100879563605848,209.6745847687184,1.5085372743549477,28.76656454043141,2951.9553293195036,Normal
58.21689077902267,123.60647891435795,2.068253197517533,3.9781575577426413,310.1441349763556,4.8781042766747245,213.16570818359588,1.6777701821541993,26.886825105191676,2905.5173171454285,Normal
46.093809260387644,114.49990239106857,5.022630852676869,5.313324335372456,275.22510311274476,8.29802001432111,209.20932658135445,3.0946131232549776,47.595831052440104,2874.0419992898223,Abnormal
47.41153713565393,119.11908755970927,3.584968294040271,3.003422154181254,295.18525814740275,5.126871731838886,216.60678469352948,1.4045287416772139,32.656530865606655,2961.0299788848733,Normal
57.992690560481705,128.0212845861812,2.9311117559434887,3.0086410609451484,300.79077010757703,2.228737072411658,215.95309589458623,1.7870109559156975,36.55083954724511,2966.7730105571814,Normal
49.888498581409735,113.11114457424594,2.6023794412008923,4.53611479563643,297.0729057007162,4.739718150269878,224.66217435477333,1.3754699133109891,37.102101836361754,3422.198166670883,Normal
49.47828603506554,123.93307050005323,2.130971458169304,4.126875813821435,313.68217299985844,4.655873872216111,214.9015234014557,1.5619085313976353,39.38658781615291,3067.295364677179,Normal
57.69589751257473,101.44482044981058,5.74990023942371,7.335121405859831,275.73633905469154,8.477781507198312,200.0830333655969,3.0569838075806457,50.94664153646187,2774.311068345031,Abnormal
40.486140279382965,120.80978656774315,5.5720062783004725,6.154325877266939,266.93622805326237,7.782643131377853,205.5405628613884,3.579198319937116,48.184416694222165,2198.1357848137477,Abnormal
48.05826530849421,116.94380888931687,2.816830512387029,3.511260227772265,323.42939738698055,2.970687559478594,226.55583748901313,1.4327043087365685,37.57875461703067,3011.9702226088098,Normal
55.697777680127345,116.12638035447189,1.9506897874110938,4.994353001089744,309.09215483294287,4.677246778899368,226.17375957022398,1.1904134273716696,36.78647269291777,2911.5157865305664,Normal
49.33915322177814,120.7227896538429,1.749889069276532,3.4548140700256957,320.80858313930514,5.208952950867836,219.68680211336383,1.5729370375538678,34.11727248309063,3203.4875078741975,Normal
48.998237111029184,122.31842092134848,3.0730150720710325,3.4558399606078654,322.47031347597516,3.2756308722052987,228.148210655564,1.3881973248144077,34.27190375652415,2716.4984743225586,Normal
47.72602641311153,109.60193468973115,2.1961768273132636,3.9038823239477844,317.6623329157832,4.666082681120501,221.53838326700557,1.1713441833463314,32.35773773119181,3269.808752752697,Normal
46.323994826183764,136.56208252057297,2.378469400559567,4.001601555300453,318.56292128183946,5.517513937550925,219.44593719860455,1.3835270839435383,34.83223865443336,3050.6936292348178,Normal
54.45651843434878,120.04229858994151,2.8094431490115768,5.1468518125896585,313.0504768981183,4.749322284803823,212.40544587454966,0.710780958951281,36.1651271876905,2985.776365307869,Normal
47.426086625426294,122.43530204186345,2.469798135401546,4.789446175443729,310.6888869460718,3.9024613719438657,224.95083119479645,1.4348606775161392,36.57961005101692,2928.38839407108,Normal
46.750865572512815,120.84168230185696,2.5064143217718424,4.335878924756783,307.85083397352207,3.0309121729836823,217.83613058205805,1.7381455401431447,34.10787176227068,2963.042489622818,Normal
57.8910120472475,94.32040159111617,3.4571967817571005,6.807242656569406,282.73739073126893,6.5506305203701185,208.2462154410131,3.8440539530727484,49.95355719216092,2776.7452681715595,Abnormal
59.06703849257711,116.57121138442436,2.6391743173223348,3.6435506461806058,303.2291222409042,4.032073877265784,217.60620714239155,1.6078427392641377,42.04722736010227,2892.593484558624,Normal
47.916873471922685,119.36876986888751,2.6978994243548735,4.184485568368349,320.27276635158495,2.5588863435718334,208.06535064902164,1.3512365483969553,38.29190056263113,2765.1527952591605,Normal
34.961838301531216,125.71179406219208,2.6218286118513574,3.236854115240399,302.1156831942326,3.72420502429226,220.5526765873697,1.3121054171450979,36.48219175692656,2571.8060005643415,Normal
45.715740674361,108.73946039088949,2.371829660813754,3.6233665690569032,316.3827502391661,3.012530582671954,220.22745738165375,1.6675009269635117,40.569942309685864,2927.7351043359786,Normal
51.62229302176259,101.96137207437636,1.304021897843488,4.59134206304719,309.9555176508154,5.442810151838739,213.13298555515127,1.6559706418586257,40.60645352163156,3062.95584125359,Normal
51.38290752795525,120.0855608082435,1.714559271437044,4.948901054997243,305.11313888155945,4.903586605106414,212.18482846714375,1.1461621006476659,39.30526219766671,2947.9046566563234,Normal
61.62620380834036,103.82654011412224,3.158102227042143,8.070481119678064,281.1516152336659,9.048033220275565,210.25210867540082,2.4198172404399907,50.821473826852845,3249.0557855382,Abnormal
52.4649322925723,119.42482246994537,3.037671700978449,4.147467925642178,311.6762738421024,3.626699862272718,221.169240128948,1.8106330249250835,32.49181354369993,3213.674373187042,Normal
49.54146987927437,111.12230488461459,2.9988160384601223,3.7992440349832117,316.07611909988884,4.26659309419317,219.70086928235048,1.6480680613002874,35.87269117277002,2700.6702329322393,Normal
44.393781299528044,129.29409984790814,2.4339317055492264,3.6333880880600047,299.1314078779402,3.6362109429793215,209.89100680019027,1.46961578438954,33.20468725825686,2855.011816352203,Normal
49.65938287416024,123.63970630852738,3.5465989661049724,2.9416816063057505,319.27504834640416,5.278481248812057,216.1045363031165,1.5609707863758093,33.62710025198715,3027.853287062811,Normal
62.0730481072364,114.0840934894697,5.508608373233442,6.483628816054429,267.73915002613495,7.687297684189388,222.06608154863915,2.4309825003872465,44.724553159116525,2731.566934058517,Abnormal
45.07672607576369,112.07476552884788,2.2882007091359116,3.0440678170668956,302.20702523026904,5.062742333429847,213.46315108884517,1.0206383596515487,33.109925061398314,3109.793325376477,Normal
49.01539096001555,115.35418921884381,2.5221793987578036,2.7780047969982435,313.9576452302003,4.806748025122915,217.95345762952138,1.801777353538925,31.617511703140885,3169.186348988035,Normal
50.772468327976256,116.63447410121826,2.4900631823158443,3.924914663932341,319.7622631713417,3.638656698023189,216.187403804267,1.810890867621744,33.213395194448424,3135.079961599739,Normal
58.497179915043546,115.98204973058367,2.8406811632876527,3.1924154030620993,316.0378663845425,4.659539188789414,222.3651914108011,1.3063283783893815,30.016749753298484,3075.4878097124256,Normal
39.682984237602724,116.82649507757465,2.970590933209985,4.134328415111125,325.5867411583185,5.320087322065419,216.73050805837212,1.5081940139554315,34.85788789236669,2762.673485498081,Normal
45.29800541757823,114.3923909302014,1.4818897485720317,4.0332454277761505,308.0074252427757,3.161684878950741,222.02106432638666,1.7147618234072879,35.68110343659467,2951.3897737186544,Normal
52.957210758759274,126.80220360476692,2.653701784859844,3.4227714246956675,312.21280612408947,5.456384520660383,217.01685470694136,2.1293818017397292,33.423107198043844,3004.8610520010207,Normal
46.63757201996832,122.2327083592026,1.6288891536823624,3.6177707408282953,301.2630303972115,4.608270678313833,224.97223687754453,1.6938018561343655,27.885021917423323,3306.3104479391823,Normal
51.47639970310434,112.23500859507,2.5785639594954706,4.123332875751885,304.6652102643875,4.65833333387366,216.96263856189847,1.3786914021929932,32.94116259273475,2785.099306539052,Normal
50.72918235107692,125.85299436516338,2.7574417980381862,4.573947676844664,312.59472168011894,4.073819601426477,224.19831932215595,1.0927447380474196,32.29798585246256,2855.3699892865134,Normal
55.400280295696554,129.42788514140076,2.743652618522497,4.750350905648258,302.96573774070407,4.778876095888784,219.37412785808417,1.7540646311654742,34.654327302343404,2942.258566738488,Normal
52.70454259280495,128.76169167191233,2.1658274025765993,3.957247030053337,301.5324749308668,2.5015511860056483,221.00229815706865,1.6826716068763896,35.78620042726018,2707.565742336845,Normal
48.245752849617624,97.81652239948919,3.1848505538270926,3.23976179251734,320.0432288756792,5.256695714947316,215.4970482373197,1.1601645146196766,36.051110649159014,2873.351394422539,Normal
50.512423210791034,115.17172409193081,1.6094207927671833,2.438672386612879,311.8134739879568,4.0507538029355,217.23455091542934,1.7087591517281355,38.520326829897336,2959.1182917957285,Normal
47.27521034472111,112.50214549670825,3.6430644303004245,7.2677836656972366,298.2782895773323,9.020345312626443,190.63247297497534,2.9670513111337415,45.608683735882664,2724.971738602303,Abnormal
52.403722898839916,134.96710407445983,2.2525172598159635,3.65169925118355,319.19737615102997,4.737261550824244,226.33825755593986,1.586618400902951,31.528650143860187,2800.030746783329,Normal
42.242438754705354,126.62051834758473,3.094298411543504,5.294553498970466,316.7448426585859,5.430270862027989,217.09991833673158,1.153075254976843,37.55023799725266,3062.65211283591,Normal
50.53722187170446,123.8737148063299,2.6615927412291027,4.898671801897493,320.35988467853565,4.935376281872277,224.22901436281464,1.6542187657274328,33.61649080389614,3113.484701236971,Normal
43.027524655703694,130.53891552295883,1.9027385301169826,4.200062300756313,303.2387683325907,4.942711186459541,219.83037387036046,1.0215732125510004,36.26209889305544,2913.3118834750935,Normal
54.405733604066846,120.01325688734407,2.697710492694019,3.329701731489352,305.2853421485811,4.133089091119133,224.2835124012128,2.0032131263416466,32.58448474477137,3161.5272216986523,Normal
39.15161291137149,108.0581059890771,2.0206107719066124,3.0532439173914945,297.33129288169937,4.830399129710238,218.9296615113607,1.613821619281533,37.071418058364536,3039.84254897588,Normal
55.26210540920299,103.95701570636597,3.8130066116942554,8.269377016984956,281.1633180082831,6.596605551856361,208.22082124195603,2.8610323564924407,47.91284809005284,2786.013480390867,Abnormal
51.74170869623063,111.0216993357437,2.2561473135256276,4.752033103339171,313.97120094187153,6.160052031478833,225.90064086870763,1.8432879205679817,30.836394348632595,3114.5790527450135,Normal
49.73446599151545,114.4901819646175,2.5840076702662644,4.661648074228038,314.0066527280337,3.797220958926352,223.7122945679631,1.308723737377211,35.65004935689286,2954.49748987843,Normal
48.90566874132187,127.6624297504051,1.979903140092051,5.361636551993853,295.43131144564404,4.021865853396115,221.8510594497087,1.675294249930593,34.69857283828488,2991.391394549769,Normal
52.052750426638084,117.6893052254232,3.196590628967453,4.587544379962122,316.98259480804506,3.7270746213036663,219.60305787797148,1.409860215383789,31.983195872931603,3054.024627591865,Normal
47.31177121110092,126.55403829850238,1.9649042185528343,5.203328428989274,302.82933873126353,4.675441869760349,223.95929655194033,1.3288078709399662,37.55740593029885,2815.6224603299374,Normal
61.61694159346048,105.21223897448637,4.40358859203112,6.640981873087078,302.1337890408908,7.123317062224343,202.50642310577223,3.344924381691383,44.11518943615016,3155.135976985454,Abnormal
47.16802704392639,128.31616786180405,2.6047350418238864,3.3108261646626223,309.95236232629816,5.127202223448599,219.05869332456848,1.8579338837553083,38.064546178345594,3137.8372281987495,Normal
46.32274582181603,88.8023632832777,4.386412394637206,7.235489128800064,298.18680070298535,4.742642892859329,209.9188679838825,3.610662457726229,48.61227871842224,3022.81845975397,Abnormal
53.37424059400697,124.65287862121346,4.784039479649768,8.12497299100831,314.5259959179128,9.967540173908992,199.07858406571268,3.322426745720333,48.274176472751016,2822.313633769082,Abnormal
53.431767775072665,111.61107325974264,2.5339192569584688,2.5860508674907043,321.5355600464151,4.090100607458645,220.2793196992225,1.4071050858035816,38.438082725040246,2574.3740337903932,Normal
49.916948288370456,118.94181242502302,2.2731818062041587,5.2083585819449425,302.9013643291538,5.1174369417885295,221.7812639435304,1.8784557757606548,32.998432745667486,2890.054665131436,Normal
55.48034953738699,124.2532130833011,1.7275313266616208,3.622486489875711,313.0910612307845,5.170211377237271,216.60384673403522,0.6257232030549177,36.5696695572111,2816.9518965084035,Normal
39.913306009387945,91.67674075015859,2.9069904300988707,4.090032215283476,308.194748954302,5.6112194903702095,223.18662341511535,1.984890012816575,30.82179358349901,2994.8174064069053,Normal
41.91643312525993,117.70617668144533,2.3756920731166615,4.438629546084149,310.36451104913516,4.9987257106239325,223.51720066569447,2.1464786032149425,34.05411003414163,2858.8465949000433,Normal
51.23041807658204,111.97719972860456,3.240980384218268,3.8017473727383373,305.4753890570081,4.122947423079106,223.5920871173582,1.4526759050305544,33.074999539608854,3249.80278764353,Normal
45.71915079669125,120.35566074032994,2.826153075805115,2.858065422708049,313.8420840112474,3.6559138596156404,224.11391390417,1.211204696424307,37.078307095546585,3165.8749599442067,Normal
54.30718262816403,122.51316648238102,2.38434952853515,3.596506296565609,321.76827752653685,3.9404038238658856,214.81466963215001,1.699610680509849,32.611589590440516,2857.490475380081,Normal
38.45116590264188,97.75635240809224,4.917284976103507,7.291710073192839,304.2695936644923,8.79034688549869,208.0912778044682,3.3612630265341963,52.550787344575916,3018.142540732142,Abnormal
50.631570997416,115.3086914578959,2.0035669994572274,2.9883563149114423,315.3301573763482,4.962382818911646,222.8868176255333,1.4614021660943832,39.22080423767525,2927.3822258122773,Normal
57.64215389765764,104.41885657515685,4.391649235320663,7.711036368781314,296.1445417802599,8.53545913890039,210.81278422056198,3.4734748427982183,61.94185996435219,2996.064161299043,Abnormal
53.61413447492756,121.11799158203388,3.0035786002983347,4.362596343474016,310.2096380221923,4.257148539787268,219.59541331168657,0.5488722792365833,35.63180251789292,2926.7285879834462,Normal
57.96334999141442,120.19344070811755,1.9055182902325192,3.9650838921103175,301.6310313195,4.8787259325699734,221.45473682169742,1.7873518893324802,32.62735462491631,3005.101214434222,Normal
43.174891022866824,127.01494781924714,2.759435590220061,4.3470635147192995,310.0129522508555,4.831818312631032,228.02169554154298,1.4144717228873958,35.415935551130254,2837.0810551227887,Normal
45.65869519200834,120.97813293093307,3.0519667733509537,3.820603423023899,308.11266776550303,4.1744918043965,217.32621664577837,1.5884914367126464,30.508227064464066,3192.140936500009,Normal
44.67662161496432,115.82855228157212,3.730001402606124,7.802608156655462,300.0791691172175,8.576303108008844,200.05571478200207,3.6746837327186537,44.08471907632806,2636.8091862259535,Abnormal
55.14706550477663,127.96701927070742,2.5075914712702168,3.3176353968540107,315.1647016973935,4.51550499015842,208.3984220088479,1.7347889478949554,34.927301498390925,3180.367687197461,Normal
41.237835849257564,57.34944280205999,5.279083858345185,7.349876412018367,264.6399255859032,6.5322506812000904,237.55217743719902,3.2860725700923377,53.65479488188108,2537.3350431579042,Abnormal
39.54848550573422,118.29741753204094,2.3671977198569474,3.72008523293214,309.08287331594886,4.7114146173165095,219.24941524373097,1.1207981496157908,36.45855437468582,2707.5942367016364,Normal
39.748212713579,127.39180494701569,2.7535101360676784,3.9598232444481747,298.8364119619594,3.93367124746074,218.68626626156748,1.021231809427766,32.7829140259303,3097.849550726502,Normal
61.41844291431373,98.70847871012174,5.756488354316098,4.703127915295039,299.89176861670416,6.794077377908779,213.0734561670797,3.3265733072322035,56.602070048919174,2481.3910879150203,Abnormal
55.02085038049465,100.80738805055199,4.841694521990336,6.779375328208949,277.3149034325883,7.978851551139993,209.37351777878177,3.6688681738847104,50.422525728464315,2899.498637403059,Abnormal
57.38806892837895,89.24065017258299,5.868772500590771,5.5763962874681745,298.81783832206605,8.929608177054304,190.88683108337494,3.565085472570587,47.65751943319842,2510.3086855161564,Abnormal
56.75426165349503,113.46320859362581,2.096811535440975,4.0529864580035655,315.48471797038735,4.3866811311918985,225.83185272834626,1.6592926985892271,28.46536604080571,2920.5799554739488,Normal
47.190789503241504,124.79360953429422,1.187591471812944,5.784306796102405,314.24820875915367,4.619101443134153,225.90783858209574,2.2030962158437877,37.61223993376521,3142.321964470743,Normal
51.045520195715056,102.87711369949578,4.524204555995099,6.0086656099425495,279.6947885045075,5.974166053485526,209.24128549314977,2.3207326959415293,50.954582620718554,2690.9173479894143,Abnormal
50.73467649193344,114.77868429980008,4.0384301850902515,4.952081130126219,300.04365999932224,4.686294469941519,216.95996928531338,1.1956560819877757,30.979783786628197,3064.832503613888,Normal
44.54895811944341,119.51739036037806,5.993782214530439,8.648697262253739,277.21419850888844,8.713048416038015,216.32454216642302,3.1680752774272247,46.14114021303563,3102.3801664439934,Abnormal
51.81996700585643,114.53951626067607,4.177923988172073,5.536858640173367,281.45825338261835,7.813967918915004,199.35779993182652,3.4931086339447317,41.5574740596575,2419.988144382532,Abnormal
53.35455624138437,126.03790520277894,2.3040616173065667,3.287564983646133,301.7807715877919,4.201385403246949,223.22259245822644,1.7784737074032972,33.510404793554095,2826.9761361022825,Normal
52.142749102930665,92.64697544061227,4.4817473611387975,8.590331308524444,302.4067314284865,8.236961468377178,197.28080998887276,3.647977597229461,55.313286453937636,2606.091583558616,Abnormal
60.80891271989372,124.3911793427731,6.663732832143474,7.366291751837624,298.8108754970902,10.121280932496635,214.47393937068975,3.149136124546851,47.757285817360696,2759.6387384434347,Abnormal
43.5471928902689,118.56741084635807,3.0482735591151267,2.4661223041843034,322.27585681435613,5.3978993749625275,217.70117692084762,1.6630172483615429,35.00944318071898,3184.4985552658027,Normal
57.86146514215953,83.99893915225486,5.587262413464177,6.753246575628102,291.2424885577715,6.907742148545276,227.48137069120835,4.228043273931803,46.30114418013516,2366.347348272442,Abnormal
48.07163684511076,124.34502646091306,2.6201029219731113,4.877192977337771,316.31935777744684,5.275655220602325,221.63427700305218,1.0832103809367029,34.41290440655929,3159.0134609863,Normal
49.58781657180283,112.5463555293562,4.6812516847538665,5.764225781749786,288.14983903930835,8.46357116454898,203.44312280538557,3.335002128600332,45.302683790070084,2979.811229391024,Abnormal
48.52772121205983,134.52755545126183,3.264373925270454,3.943267824694779,301.9324101396212,2.8312816978133304,212.63981463486604,1.087849552530402,39.13540888238451,3017.373688084042,Normal
53.1168361927359,71.69368486597311,3.802033570782738,8.064495731735544,294.3016116857388,7.779192081971604,215.64842358600123,4.6450584642950705,48.89478768231475,2717.3424506645174,Abnormal
50.96298459365653,143.92109635273994,1.4503218677904872,4.478256110352166,309.0815820099275,4.953417380947344,216.71313723002638,1.485310490742465,37.13423173839649,3466.9365301565763,Normal
54.040180947010356,111.51934401969491,2.288120158988648,3.682610124131302,295.6348546189599,4.23592784663885,223.66414540910873,1.1177303642769614,38.14544795315178,3073.1662231626506,Normal
44.126133424231696,102.87705543993229,6.5983218076410335,7.880257376207039,290.1317548234722,7.643475024558524,210.76609070451659,3.1417655094403876,39.476252471404926,3210.5444776336826,Abnormal
50.776624995997004,123.98147265122537,2.4710461250615454,3.4854182394927884,308.51260415240984,3.2204841902445507,231.3854324902665,1.1296464004732811,31.904101148458462,2933.96111934204,Normal
56.44037862426189,120.14508999262654,1.8819321019847688,4.878036852530138,315.84800501428384,4.930747965773162,223.5786712058542,2.2183085701747354,41.55528468510833,2896.992698549506,Normal
62.99107994248922,110.7475228463835,5.499095816137749,4.969275002028006,287.4442135191771,6.780764614495153,218.28058814893308,4.249756350281963,39.62756824491844,2694.4912839989324,Abnormal
58.974892038354014,102.19981556529832,5.729063645002364,7.4213985611525,295.1249034792894,7.593027532897554,197.83419195864292,2.7149288968024807,53.546762572276585,2704.8645638797207,Abnormal
49.30743877696388,115.76109957677647,2.3474055772596243,4.732838256141697,307.3180473450558,3.427148229358745,223.71825887770086,1.438537000840585,35.09418759659833,3241.1367459599264,Normal
49.897197213247466,122.89183673118725,1.9105382543508374,3.846231383354328,314.87620836166883,3.2557010129270063,221.00422546557854,1.530237321793442,35.12386236676232,3155.5738347987362,Normal
51.67219257424261,134.78071898356444,2.003205242202982,4.095147197052843,310.67573429111957,3.644596404995936,224.78147501045675,2.1974019917558456,34.94898177654851,3075.753163241065,Normal
50.42259237907663,112.86415330092824,1.589619861098992,3.5059585618332445,298.8643329523861,5.863281662447294,219.4244515303838,1.3962242012858488,37.66746147436342,2831.737334571617,Normal
46.165679809977235,120.68072269248621,3.0143844957117403,4.351179531618151,311.98660114012705,4.562494188188813,222.00117927763387,1.5604958715387764,31.910083175669193,3006.9118832449726,Normal
44.631556705411235,120.81082542900823,2.2596760292558793,5.7775671359480025,309.6808449299863,3.3766083469907286,219.32909894661537,1.6558076236913664,40.020091838457574,2911.5821400091922,Normal
37.340576207810884,117.25255517146472,3.619401294100349,6.476613470191018,286.1356927173351,7.895549820049838,216.89164457074335,3.0214560023995287,48.631353739166194,2696.432411762653,Abnormal
51.1967836601503,106.46740762061884,5.43600577522258,8.012607411570084,295.88951173476454,8.680378285263828,194.1777683325352,3.5351593894159765,52.39753774000804,2882.2352986426126,Abnormal
44.46119380612964,95.11441087667032,4.425899324716402,7.6436966798696115,305.5082158238631,7.388809839062597,219.0796231362705,3.586435866415216,49.37857111418782,2647.1539425455076,Abnormal
53.733056823010784,123.2557781678707,3.6379127138238188,3.403442749901873,314.1448136162398,4.07663919215079,215.65356506505677,1.4967398588895084,35.412057438221105,3437.726033259014,Normal
49.07927092158399,108.69821270515317,2.636505358747193,2.547751973717542,309.2643457391659,4.512820225836128,223.97300191472607,1.792086674828354,33.489291143276844,2977.40789780551,Normal
46.16939584694664,108.71937445192306,2.6549473896903173,3.108490115982381,306.6829847954251,3.70386083208061,222.7484159314513,2.040429029779946,31.095236051590007,2722.0472275653647,Normal
49.375565573249666,120.15697795957759,2.6093296533786488,3.6875756393359587,308.39488560939657,4.794008328432482,225.2021544632242,0.9134853689045151,33.89318168290561,3032.0713190911597,Normal
45.41011947694632,137.311696317673,2.1822950598856314,3.971095119094902,314.44817677473833,4.026972168958484,210.7671347609779,1.37140364192504,38.08832166778112,2949.465730982229,Normal
43.22852558832817,118.88508314254082,4.669225103976947,6.3878070236197395,292.24184134494965,9.15612531442818,233.81713531732547,4.079065275360196,55.79919983194172,2573.5084502530362,Abnormal
44.87065947015262,120.62331349619123,2.553584957629798,3.245041081044782,308.5976437607679,4.819454081375305,221.8019669750904,1.6512863560152817,35.87289419041233,2923.9487011094916,Normal
47.43049686675578,108.01048602006124,3.3923875195925475,4.009415255233505,308.2011755536412,3.756966334838033,234.6782895116389,1.1780015903331313,33.71345622318178,3062.3755254429093,Normal
53.00106482872139,129.57932055215684,3.4038042538846316,4.354310358822499,301.55175360026664,4.294443899902575,221.53916186256942,2.1204678124517473,30.80658356472711,3180.386475783784,Normal
51.439314956371334,117.56745802844222,4.898005283364068,5.989080843848408,301.26309169102,8.981646540658431,219.72056965739722,3.490686755234955,47.00088988340075,2310.3032512440395,Abnormal
54.096866340697034,124.23889482443985,2.0171086835680203,3.6229984286923633,306.26592950438845,3.3136124544140655,215.91158801697432,1.1598508929580937,33.76256296433619,2889.1953752505656,Normal
41.86497539566626,140.2259023056948,3.1262703655146153,3.45468640493601,312.1793711732289,4.833972071857036,225.9554292738674,1.2544184920019763,38.27632035194728,2917.8142043689595,Normal
43.32068797915693,127.24136559314498,3.145379212061214,5.811536281471479,300.4021978792783,5.059135748064631,217.95099378103234,1.7350076131572094,30.588531346306247,2810.5845336452153,Normal
46.12062588416758,120.78964045668084,2.179459366730822,4.461338040739394,318.2151569460633,4.979662032996284,228.09393819830433,1.624747988836603,31.3493098689795,3204.506477030751,Normal
46.97421882197001,129.1041849968557,3.286867108277553,4.31968160751128,298.0307294946828,3.765430266792167,226.6137223344257,1.449263194307155,35.2387206048265,3113.8236624245415,Normal
55.57058289664259,109.18199718578191,4.791331628779534,6.624797865121171,302.86848237937016,8.83035429660169,207.4269999938221,4.257478619095198,49.35482942435108,2487.0844564164017,Abnormal
46.20514650548328,110.21259163690235,2.3637949916981564,4.863606994835335,303.5592385517559,4.6507806088144825,216.71655327186292,1.4219072876185688,30.469876364044243,2966.9192656265195,Normal
49.03147310097519,125.40287944035695,2.6116404566276854,3.161125512533568,318.67358595234833,4.668242432177596,220.99196758588744,1.4972452939844583,33.446727658333344,3032.670350962309,Normal
52.377942179642915,102.53104308654446,2.2306195813269523,3.8215371207174873,312.04936484555424,5.4546488047417006,216.14129592701607,1.3506114459546474,33.46239766806035,2879.7708614843186,Normal
47.2225080391019,116.56203329981957,3.9461645046356546,7.513377274183484,264.47146654972494,7.157993005336691,206.70510699782014,4.672401771039845,48.62598847623656,2149.6891316372703,Abnormal
40.00555546569375,120.3402958634668,2.8068854278949544,4.262819100339077,311.3405608464079,5.429807678004534,217.30204389631433,1.7684731668080476,30.10395534492075,2864.25782505929,Normal
40.96479302534092,117.25154699330207,2.476869391366829,4.079871044558564,310.4950668230971,3.7579573353506177,219.04879577793392,1.0507659994182754,39.08968692539675,2954.4560890652997,Normal
46.08891104765047,128.83410492666124,3.7577534664507706,5.649295463161637,273.55669512697153,7.898192927450777,214.316316296376,4.017772827682483,62.85997658747485,2137.641886449809,Abnormal
54.869884712995336,96.64304141141653,4.413584851111226,6.256273446095347,276.3684549378804,10.526787251905178,218.42297327013904,3.5162371849901626,56.755078762435005,2321.867758675281,Abnormal
39.35435894935259,72.33048401707968,4.300585459876713,7.1940382320457035,291.542878668985,8.22401286658982,195.88943168933918,4.062208319829815,51.19813759119499,2883.2635703664996,Abnormal
34.85790257927958,109.67236288196685,3.812234760082473,6.523212096938366,298.01547347954573,8.136640409383869,201.48460020220682,3.5043912093290928,42.342323423781785,2987.566848974574,Abnormal
48.97357990251874,131.18549944255327,2.2367341564519787,3.633496808115392,303.88650570689725,5.20093914535446,216.45284421335762,1.693378629724553,33.85264280699213,2703.605505016257,Normal
47.14842966106767,108.20891785637151,2.5169513618411687,3.166714585027857,317.40780080571693,4.427139311717578,219.1120200262063,1.6967676413362747,37.89172080222759,2996.985187234552,Normal
43.830397603605675,78.39045575831805,4.31395024296482,6.259345304022446,291.60586179488445,7.48227967829296,216.87932972051428,3.0709117101105172,49.71479416573529,2995.9968607992223,Abnormal
51.70912606977483,119.39962458311436,2.1990277790324115,3.556738022299516,303.19509397638444,4.067194507373681,223.77832919372156,1.4334335186123195,30.950680791856307,3265.2253939589673,Normal
51.59982595572581,105.9305659948683,2.279075536379588,4.077620467979893,323.63673674637903,3.6135100333929047,224.88020359677972,1.9198459280917028,33.11403708477629,2958.372957170965,Normal
41.709526021009836,101.94808288379542,4.963410025657069,7.791579997698845,306.35275206530673,6.8778559030675295,190.32674935774006,3.4851286545066307,51.4676876498432,2762.3544219212604,Abnormal
48.36663376245478,121.24752099663934,3.257722404176124,4.2672139182737565,307.0130525999753,4.099841746323204,219.15073821161135,1.9910219885491918,34.450097871421406,2997.0308483218937,Normal
47.588432145318485,130.98983357441963,3.4799186273723377,4.315429134601972,310.6621832302834,4.529426266539388,208.07846605607128,1.7235452592854452,35.40249924798753,3064.2513075991087,Normal
46.44268902958147,116.15543121022908,2.2944875317484135,4.715136088851127,306.96992130717524,6.166128257687838,222.1543120950752,1.1172952020012805,34.614361120244126,2902.248731676538,Normal
39.02808765089988,135.9947094011379,2.851571271110002,4.373245122529519,311.3232292823976,3.39438594504605,217.58191430222283,1.7525342324352038,31.846339910652492,2620.234602562378,Normal
48.86446996109537,118.58242445972462,2.5677817082073546,4.5099630504601755,315.10084649784966,4.707015844195137,225.97765694043355,1.0443090657560057,36.51374544343217,3093.9807545005415,Normal
43.802188569598805,104.97129391317611,2.1270289367621995,3.5369209902392957,316.02735570801946,4.008368973047124,215.71825740859398,1.3165098789916323,38.35589700246263,3001.9565061565427,Normal
49.10374487321544,118.89994501298949,3.1460301671632616,3.4755797913777307,320.5240663275208,4.6683970391372025,219.19790309012325,2.2502701493802846,31.83308153060421,2946.947136064949,Normal
43.83784380418,129.5246197053617,3.3445944668258396,5.168945946983247,319.79159002516803,4.341903625763227,218.17379511255078,0.9986490682517805,41.10762060554538,3070.3467117222704,Normal
47.54021547565259,133.28056888986967,2.0136177416199996,4.284635423955872,308.6189669256733,5.010941711904241,219.6821323040694,1.0647216326666327,35.22672911801011,3157.3296212813043,Normal
49.85391797073007,127.75115121589086,1.9772352571629734,3.9816174447111035,305.0039163592914,5.097584672083768,220.15745781130997,1.7070221029009838,38.2631312784736,3103.7427862682084,Normal
52.18494747434915,90.02681612232892,4.997213889333099,6.360291517581,284.8390406494366,7.438198773874624,200.20074425217754,2.129862987606207,46.65928475836117,2748.3448629810396,Abnormal
43.259114772862546,120.15682236471625,3.4501342121554823,4.716139588676567,323.14833207296425,4.812902301546181,225.83754911493224,1.2828105808596637,33.06697919893405,2589.128969079379,Normal
55.93072737021149,135.40323979819885,2.223411377326365,3.8222338055219356,303.9691030904723,4.806122841181994,225.6246627265162,0.9771684078356877,36.22831559192676,2958.4992342421283,Normal
50.90715513573352,111.88491002511437,4.811797561227179,6.875695775913063,286.7918724866804,9.455474302682422,214.18759960127497,3.6544084764161524,43.64524139453859,2605.3550641967113,Abnormal
54.493345801695874,120.37696573123922,2.8297657347945693,5.2365582602293435,318.30884855367054,4.574526670159794,217.44505414902136,0.7339351211832306,34.49484523258144,2951.0981256274727,Normal
53.122929555163005,102.69142159537968,4.679614940563206,4.864721283391335,275.900482562749,8.714976561200837,227.15907631132694,3.4317322313780636,51.63905536787062,2938.1195392382015,Abnormal
45.94553031899875,123.66814043285443,2.1297549468339207,4.605377106943708,311.21122438361385,4.738761451185152,216.08700701290707,1.7121097078832355,41.25413876369305,2848.8132456857693,Normal
47.28192793881981,108.47411211252138,5.786406211995817,6.3285444576526375,247.5045456478589,10.038784241246038,217.60506119584142,2.279936728659335,46.96215604110222,3092.0456073818314,Abnormal
57.23898209228933,129.38640022678945,2.4119437830200687,4.058091193168757,308.952593558991,5.40259182661507,215.62078796752445,1.2582601035347385,38.03082376050805,2993.3457816732657,Normal
61.027738843630466,94.92731689529181,4.945221639661175,5.8931044181872565,290.1104402213535,5.782179594501802,205.12366579045036,2.4946222945503176,53.46961616595629,2879.147334939913,Abnormal
41.34868634757827,133.33885745500572,3.748707563209927,4.032204470715438,304.8710859182028,6.759464472802437,213.40515750848743,1.5060319400607296,35.53886681789577,3201.772143067862,Normal
52.87791180101431,97.52049156317322,4.048815629612044,6.5898138157046375,274.89608958582284,8.071737979677025,204.35803820139515,2.4541735446971744,56.27572894187452,2575.5818691427403,Abnormal
43.659315975123434,118.31740865512458,2.5341857829838292,2.7774732920946765,312.6531813370061,3.6622739450477884,228.55514404595394,1.6571881536230204,33.80030002967205,2888.2248344523973,Normal
49.47516146218188,126.1279074158329,2.4872529357074002,3.8479888350042004,310.4669623265432,4.016912855010436,218.28397036578482,0.8742622683284988,37.921178692557106,3044.8196670482644,Normal
43.81235324773256,133.48102472032858,5.0870164803923865,5.756627713629764,302.85106132205686,8.597072324763893,213.9457998548422,3.2019710767438867,52.25247861889017,2634.5604274447264,Abnormal
52.77970725822921,100.95055545989361,2.2830632685104053,5.205508568465737,303.8634603567976,4.016929362005451,217.76019330775011,1.135558159233407,28.375157671315243,2965.412040221458,Normal
50.679297120408286,119.47494931461348,2.4275607190260566,4.0301286095952715,318.1827317724061,4.347643051256626,217.12958711456366,1.415662354533574,36.73804027927033,3211.8040317814875,Normal
46.85928130415411,120.98933787028884,2.66917872096798,3.305195395289824,310.16333733770335,3.327460914126324,211.15474848130302,1.610023922367677,33.84837577600765,3030.342061143183,Normal
49.91052511495825,110.23599951336203,2.477372849017832,3.1368290864896013,321.1277788640112,3.415223724112029,219.0210736451571,1.1873185235858255,36.71126352008238,2950.2852943077746,Normal
47.40666640189395,128.53201545051553,2.514715295838776,4.361651112155177,302.1493925078603,3.3761464448579943,220.53603981020066,1.4043460933515806,36.87930401736183,2988.0137321006177,Normal
51.02537669617315,103.76617470058757,3.4442184698071285,3.885030610477578,315.5806957627136,3.831126663824299,221.5400495110867,1.1091465709425763,36.35620351477901,2946.6038873421253,Normal
50.23352403148454,115.46961045195147,3.76745968877972,6.178609923264643,296.8598642163015,11.147332211820121,208.61917665338518,3.9137952825467526,49.4651426507076,3185.561398689075,Abnormal
41.26389166517372,120.94621044669358,1.6872279832189694,2.2453999006242986,312.37969642494255,4.611598236917967,218.575815311289,1.4681417729880741,44.294898302213774,2961.2737292952847,Normal
52.550621806250376,113.5063518038612,2.6476162875203015,3.8332364274610677,306.7158521381622,5.95511882576026,225.8859248159217,1.5410239942197692,28.0873641921681,2945.8486165121144,Normal
71.62422051524067,101.54007500040437,6.103217572053659,8.730330882343122,293.2844587378396,6.737267552197771,185.64687668217113,3.9789142460262683,45.926219985882256,2744.037612971923,Abnormal
40.001437283285085,101.02143689294697,5.033719054901053,7.322312297253157,273.2776671897138,9.795366423142028,204.03105215268027,2.3278713776827287,49.45488290018268,2708.593827256615,Abnormal
50.8029471658588,133.62132403685078,2.3817755816320703,3.91626626294186,301.17452495013526,5.156442802310318,220.92154532039052,1.3739916818117512,29.285975919603608,3216.661829258263,Normal
43.861600177719716,114.08721990630295,2.6791722555380018,3.1624094499683197,298.05192177397487,2.800841933839468,223.60498476452818,1.3364441265821034,43.78181027741999,2850.846740155369,Normal
45.392744882855396,114.34607029714599,2.6215673275692444,3.670857662850282,314.8986577120201,3.7171292880090765,213.0920414076821,0.9605355781772678,28.32927749618841,2922.2896470787414,Normal
48.49509843803389,113.68562972516817,3.121702898593581,4.8596211467256945,307.32157610044396,3.0648631094464296,217.16647445972472,1.3200535818248815,33.02859511316583,2895.342164415263,Normal
46.73268552137596,116.1345838410224,2.1822294505922217,4.145825756037914,312.8829497272389,3.771483930254008,226.35532663003517,1.2059813094478158,30.14659815855399,3057.1167107047577,Normal
45.9129593279283,123.21291470757387,1.2981656994497348,4.974719159038147,315.3783472643232,3.2996187606695986,212.60611438076856,2.0016797712292584,32.78786028950613,2874.8722726901065,Normal
38.66973952925359,116.49221794398446,2.3861401925821237,4.50084516773864,298.8073725745242,3.2837705662075125,222.25481317388238,1.8020190213681193,30.28654294664635,3162.2271129449614,Normal
50.18770920743411,130.91805339074645,2.4648898192411917,2.234405457758435,308.7842609414717,5.348115054937016,215.53126990458142,1.3836105093277644,34.471599489347064,2565.0729180197277,Normal
63.37078060349981,91.47936480154239,5.5057354324727985,6.89595863662215,308.8642858453904,8.609084183642121,207.65075728479025,2.874539435236504,53.98925350691069,2231.639674011346,Abnormal
55.16712336220714,88.51432872667691,6.25228366195664,7.1935594511952345,299.66185651775163,8.12298322073708,192.47622904859003,2.897489585623263,53.36194668805691,2741.663954339961,Abnormal
55.90494952652836,124.03274563037172,2.01664905464867,3.442755103595556,310.8233391241859,2.6487647471999156,228.36720942811493,1.6325240209132672,38.68110379114662,2762.9094088786246,Normal
56.22282580177628,142.31498911027748,1.8395608223113413,4.539981256432637,310.00887955749835,3.2644529214014044,222.46441985925935,1.7500809614512045,33.19662034199346,3174.8874780382835,Normal
41.66618296605401,105.05243853550355,2.568298697794376,4.01776969458059,304.2674120926072,5.147675548777508,222.65447157107974,1.7574417212802047,34.6305906939432,3090.387040196751,Normal
46.434797575760044,135.80728035129894,4.187454229878014,9.526356915349975,290.5233192063411,5.936733665646885,223.68079350488603,3.5881309718764713,54.25562049190119,3005.9639796356482,Abnormal
51.68977777072513,114.07759155187185,2.987856688834625,4.000528855218217,315.48686254886735,2.777015540966831,222.23490858504925,1.3084242524564909,39.95992891153559,3093.4631021833643,Normal
51.19928872924648,124.86309993350221,2.000779573561641,5.136279683369637,325.93096334733525,4.814330808438573,227.9520178428682,1.3292555403982398,32.608659301325055,3006.1387123093386,Normal
53.47952830694319,99.09019978135319,5.5377681903684834,7.367667378488097,275.02539837063415,8.778189526177583,218.63528242521522,3.6200285223132735,55.763240516308464,2395.649051625762,Abnormal
53.74360337705481,87.44578940404838,3.8859186417669127,6.242882999514652,275.86909724638633,7.178006271888293,207.85849689288813,4.086008140431969,48.394204806471485,2303.5935733076017,Abnormal
59.12054277196128,92.4436479957744,4.941279572895371,7.5358438083288535,292.99415627604174,9.641269321282213,214.7900314339276,2.8970832942120244,60.89281086995831,2748.583365834558,Abnormal
49.26329886689247,129.6392542305557,2.624725472965036,4.279459735057529,329.9374719888055,4.279902857395963,218.41119552991302,1.5349735536037392,38.21454780674311,2774.01989547144,Normal
40.172220542617474,114.12884729379853,1.6830385204703564,3.702618056732053,314.01999756903433,3.787400909158189,212.86586711609328,1.5208011485146045,37.58763045384551,2745.7539842225083,Normal
54.10116199152992,128.17306203738326,2.977042551078314,4.85293615041018,327.61611139727694,4.215126361104756,220.5478579003893,1.3750684700255924,35.005930534267435,3229.9310033454467,Normal
39.23988412855465,92.08425491751638,6.377180936504561,8.224043808282508,284.55302529774383,9.28160300168108,213.41215842492034,4.550192226300691,50.37254796913386,2956.4080284681454,Abnormal
71.13609528394096,113.97148732571199,5.049328165794844,7.866936382265175,284.52078712694174,11.581951558287098,211.8007103769598,3.308946675842141,45.82155497489982,2974.3050479016097,Abnormal
54.33593706413869,115.02645628585907,2.7882256725612113,2.9440108222510006,311.47976460058527,4.862205081661355,228.53664904779612,1.2687543591813932,31.16494211359303,2865.685805861244,Normal
43.3171574984254,133.36657357758983,3.2743196475120184,4.22415160456418,319.77035956548116,4.607166704464189,219.52444176149618,1.4000887142838716,34.06882702586731,2767.829766553645,Normal
51.321273818036694,119.59666089785956,2.872680362038938,4.065466447507027,308.69837038744726,3.8030455759938953,220.3607661841088,1.7214711692448486,31.569983026748417,3013.121063052111,Normal
51.86434361223587,94.22902824572603,4.412143695091999,7.276733018519457,272.99868472561064,8.524885572874089,201.046456263408,4.243997585123251,61.6891387269415,2484.810799574545,Abnormal
54.2736628989974,94.0988714267697,6.04095417379779,5.481689909097742,297.2088013764157,6.690516549665971,207.9301541090163,2.778282307396885,54.11175235447877,2490.754911390103,Abnormal
52.75982129665914,116.55901971737667,2.4427638141005685,4.10342913518009,303.9054026267292,4.6682936908327095,227.65167282177205,1.2665715642501858,38.515430429821535,3224.7146450231676,Normal
45.91922505485978,105.44945394909448,2.6509804500858825,3.616814734063189,324.948825753304,4.527846032399866,215.9890029598241,1.1558521466964866,38.26971487727249,2914.322403887372,Normal
50.21914399730214,129.55802745112481,2.257870824034585,3.9678498198818875,309.86745272141985,5.046659609212874,222.95372167755164,1.4339658806235513,35.19094718448955,2944.2331482714767,Normal
38.179100744644444,108.86401286097194,6.892191760833068,5.939537031170724,278.4045543559595,6.693908342534388,217.24591778723124,3.813939817937508,49.20731153791772,2470.495234590259,Abnormal
50.73901433311939,81.53066808996294,5.143426566857493,8.04582926330552,271.23201295049483,5.701222584755504,225.7943789169486,3.0717682523467906,55.67973922971911,2661.500583700542,Abnormal
48.70436146446938,111.57619049244968,4.116001143253559,7.158996572194774,284.27765877763864,6.019259834892453,213.37482074726398,3.3156845351854587,49.21487585777646,2397.4597641464607,Abnormal
57.95700183881402,128.76714186386116,2.982077942085989,3.7861887082908225,296.16653688397264,6.062333905991609,219.69451245997067,1.275360061193984,36.25040472344934,3175.0681182004946,Normal
49.88474721957267,132.78575167939374,3.0414999692584344,3.2465331688185595,304.6096791547242,5.2660297306238135,206.4369371809478,1.4551632920505033,30.707506395125986,2928.516929784971,Normal
48.50589955485398,116.41755622092492,2.2238693739436957,3.23199944525983,328.3352901345495,5.993969603329081,214.1896708987186,1.9746350253910703,33.80160352858144,3019.3781209997564,Normal
49.683630200515424,113.40251358746035,2.9919261718030734,4.08812057140366,306.18758861424607,3.456328444959622,215.5320249314044,1.0075859653193708,35.03667064524551,2820.5001611573407,Normal
47.87551589985167,125.55152780415557,6.199299572921586,6.961267727076859,288.69372910785273,10.819811824131513,215.20756120358712,3.270535478086434,42.86990941439774,2798.4683045411857,Abnormal
56.6345901806629,95.52522713229534,5.291202755138032,6.563712046101965,287.239514012015,4.268266913656503,207.78218596283864,4.178558511685638,46.84298722216721,2713.131592053829,Abnormal
43.95239434646464,110.4066251443916,4.783476802463826,5.872910151181592,309.9882720149769,9.393398020298322,203.95093236071824,3.848451816592444,52.6870600141019,2860.575308752794,Abnormal
36.44595283203938,120.09909811548943,4.430301037074269,6.57060647987048,329.568226283903,8.452810071081517,206.13677524552824,1.9562939390708658,56.94882066973178,2363.6975822978493,Abnormal
44.982805482502485,116.6864770091215,3.2082058958501465,4.541267990666031,308.7372999212779,4.746633650911057,216.99807153564447,1.5418961068696053,35.22001023433441,3145.315484352203,Normal
57.737424979511594,112.40966073308468,4.637652442453898,7.890186753268152,288.6204730069543,6.377128446930301,205.96712208089062,3.5591688886490274,54.551078918323725,2654.1179569607116,Abnormal
40.32641031008315,105.8511252494523,5.113456040056552,7.223005154683304,303.79807273931647,9.528384860134848,204.05789127618334,3.0686995793657394,44.79900644522263,2874.7039175701193,Abnormal
61.59056086670172,100.27377108136615,4.758569435275007,8.760139068278772,297.58336779822514,8.654353557201583,198.09083494026274,3.975109648495593,45.35431829745121,2416.4949535162605,Abnormal
48.26614211616644,114.14207276551309,2.38920015280748,2.991312855832557,317.6705304517414,5.402149035613143,210.26328762929592,1.793537341699965,32.56841411053512,3128.5463305474177,Normal
49.65776753666792,120.28775564080999,2.4074511752893906,4.84849044296344,300.0832958997998,4.986272270988007,225.50665082444775,1.7149020241621231,41.974096742970254,2920.657985591295,Normal
54.786524112967655,118.9390936465858,3.1167030381763348,3.994617702995041,306.89699374510025,5.544857763097303,217.54219030490535,1.076182272329833,33.44945935047851,3092.8549419882797,Normal
61.13631001269673,106.66694062944768,6.318197067234025,5.370190094226888,283.35104802773145,7.567137324268848,208.8544057252748,3.5588660717751375,53.45455478696096,2588.7982904573773,Abnormal
50.695143434765626,119.54877109675948,2.037055048054425,3.920433317642995,308.85072376082303,4.367935547997563,220.15879728290724,1.522702062184016,33.70311446267801,3190.9072100956896,Normal
44.15259685398492,112.79029891530104,3.889981812111778,3.273406051507539,299.1699626023219,5.087581396000974,209.61440073113062,1.4294178270082682,41.43747477522947,2768.25961167699,Normal
40.090177571306434,105.00818798042302,2.949179784173493,4.787343703990069,305.89928962417196,5.046569923200855,226.95127663755994,2.0362039243289476,34.260994156460455,2654.779242349502,Normal
45.89560538795157,115.73195805064742,2.3705306017108048,3.8684984192938963,318.95115678344536,5.519542741350065,219.14163173037608,1.8295454628155456,36.07298409989327,3009.6758959293857,Normal
54.53272078554982,120.72252048237915,3.528905588548881,2.9931121832438086,305.87863280726384,4.39878488243684,222.19726345228995,1.8803881461309266,34.92680429829153,2786.665552574069,Normal
54.21256948227502,127.54958766141965,1.529070670310297,3.9973371064304404,297.27886535455764,3.96827912199835,215.485955365186,1.7427794094725957,35.35049052251655,2807.161349886596,Normal
54.40032981478671,105.66194176071585,2.665056895235472,3.430192531495911,307.07458333975586,4.903416598430708,222.60724699529766,1.901090722066788,34.75323890098564,3045.967629444501,Normal
47.81131338797837,121.81989882622797,2.7197430240042557,3.931183106781937,295.56999612726,4.765176717064716,221.8228073867773,1.2959479570956147,31.14683889178246,3221.381872575595,Normal
53.931564087155216,101.56378453617435,3.862967116852513,6.013822205894385,309.5388559517935,8.20649291130207,204.49412932999294,3.856782461857259,45.92800906276838,3075.2107575700948,Abnormal
56.76400267448363,115.33425928797223,2.18566487648457,2.1673067609154044,298.14735382758903,3.4284241800337947,220.67595170493692,1.4021298886675921,30.963993537754277,2957.8253936303163,Normal
54.04269718117879,112.9175902487338,3.1003297191411185,6.846083823419403,269.24988834542586,9.35259304571041,217.841464163535,2.871380941572879,46.169773987998,2584.6832373754232,Abnormal
38.73603302634331,123.35968173440577,2.3635777268299347,4.679122557797501,301.21272625629956,4.004701641400055,212.46737370980443,1.198712830951724,31.454054011795343,3149.396051826967,Normal
46.50869075624304,121.24175684744614,2.309618298069098,3.111374313791031,308.65359661462685,4.979282665490876,213.96120303728324,1.7427338372194137,32.45083723556691,2927.5524110890738,Normal
54.245464984080385,95.04845764170769,5.037574859335866,6.622371005454289,291.94052010055725,4.428891341714754,191.70318184791918,3.9311769042327867,55.18590702824525,2472.3783241171195,Abnormal
48.77985823914433,122.94719252902301,2.846608800829352,2.580625909830406,302.911678024173,4.2339364961201,223.51570098618024,2.2495291451164485,34.31598281957085,2788.9533806844015,Normal
52.01134038600649,133.20995789540711,2.5540070604897505,3.365346018391995,317.66395153184015,5.030836494798748,214.8695957790219,1.6144276852603026,37.991796702976615,3177.283506383834,Normal
49.66775512345272,116.41920553820681,3.1136369110406314,3.1528876479133805,313.50863432736804,3.4039786981084568,225.326881361298,1.4225863453166516,38.80574970694241,3073.711913453329,Normal
40.21423815950456,126.36941598115865,6.551245266427729,8.058743791119058,278.5761820244567,7.540979068463887,211.4542721740576,3.0074027204679967,58.461732862316026,2736.0816179315093,Abnormal
36.48325976446321,123.3935581275622,2.3259213015913436,3.9475514107170864,307.0510450737144,5.14563713328535,225.5984388927669,1.584915948677596,33.98206643858552,2993.7994192786246,Normal
50.09799808288814,111.97569960135164,2.7894643242856176,4.322029626702326,322.3235299182134,5.50427982423078,216.57162541204934,1.7460895123526894,32.147139850716584,3104.3898151411277,Normal
47.41692900619946,109.76746776624415,2.640022671348702,2.1278030102921015,295.99219540475815,4.358006492980573,220.41220883317422,1.3892043689525433,30.261691103847205,2877.316223679224,Normal
51.95604663618697,125.81781770628362,2.4918884412020295,4.809783646725892,313.1791761876739,3.90203547683343,218.5974897329419,1.0791401528376436,34.67558302882575,3166.8150928832006,Normal
53.42645042355484,134.0200932591912,2.3485573781005034,4.94226985615998,308.45356618841623,5.677268066055915,219.89071626278937,1.712169412141283,39.42533709292957,2970.985855712819,Normal
51.09194493772087,132.888634252063,2.433498418034968,3.075375402245687,327.1440564366793,4.1241884285302906,220.7937802546877,1.846802000835338,33.1745182888064,2848.8198130166807,Normal
51.26868648387416,102.0692360208761,2.3560469615660398,4.1715270650207845,307.8403848253987,3.2652392454514025,227.97088978102005,1.5310614461847527,39.29345635328522,2960.9945624729335,Normal
45.59994009154618,122.6918092025516,2.39210643683589,3.1755669794060495,321.7582740703,4.002183821684803,210.79866807602215,1.8984498161871999,33.48710595256213,2908.8264161076563,Normal
41.17306206485013,137.4094148659699,1.8552597063951564,4.040914636493955,317.3009625803235,4.837373546402477,219.70172844003903,0.9895002425137751,32.57082549269815,3028.1700507063783,Normal
43.70260744010403,108.05039189998152,5.681743408815142,8.155003462960122,271.60730963280974,11.29496908246843,217.6747934455413,3.4988000924316554,55.447682915383204,3291.3519429999933,Abnormal
42.80639949471565,117.74737357508647,1.3107841700633358,4.1348560728536174,312.9231539354011,4.468670307645793,216.72733214500846,0.8851456451435025,36.12060105023531,3218.3151725872985,Normal
47.04490772133284,124.40059929023145,1.7159278432899747,4.320049144584759,306.85294161804273,3.8900656395176685,216.19818179391936,1.3819165253900971,36.147299947077606,2803.1755198206724,Normal
46.82307734745718,104.37792333001279,3.900960775468141,9.155998242010021,277.1975677990799,6.995844629549764,200.216920501775,4.758936060996682,52.76452614299741,2465.8519984390896,Abnormal
55.531157794299844,122.00698694288879,2.628626710555751,3.758865953873283,304.0046721043442,4.770212879243681,217.27456385002205,2.0450266888725315,31.192126684270686,3230.4235159282416,Normal
49.443405756010996,122.99085734021106,2.9165788833147173,3.5588254934968946,316.91398707758907,2.333964915695058,216.4000523338903,1.2227811577976804,31.239481962884714,2967.7567742881574,Normal
53.085999745453556,115.53989997748958,5.240876757200407,6.201167842127743,295.5352465673775,8.186428542276277,219.36056167936016,4.043855692052062,50.15238206960314,2475.686748459686,Abnormal
44.77639875334335,96.7531596054295,4.684733666083744,7.3216605131077035,300.72761585192086,7.923321960476933,210.16124787900472,3.6003144135000027,47.4204734343383,2468.651935589261,Abnormal
41.22281051344645,113.04850641923127,2.7365727266338933,3.507961993372303,308.0975437005925,4.873145029929853,222.60344748211335,1.1761401443501884,37.99117806936093,3169.102513403323,Normal
40.961201142251525,92.6424469553827,6.191090683146191,6.823775774493639,256.7033307882222,5.9004777429009705,207.5063037482752,2.685870144800779,47.93288114681779,2708.0990534208945,Abnormal
57.311273020173644,117.09546083772211,3.0362708997863797,5.000132113425739,321.4744773548166,4.727803674708454,210.18355426080512,1.6382474596211596,38.14519966344062,2987.8399341846875,Normal
58.722919350376245,128.59833561467457,2.784136688576392,4.760466497844087,312.666958810087,2.505751600483717,217.50430524264817,1.8591504081743562,32.57722597970511,2966.4791242144593,Normal
44.77581843048465,137.8392259520177,3.3407462287090075,3.3812917734014896,311.1783840031127,3.955604761788762,223.07472319515688,1.6529049231726987,37.43511671483979,3049.7877671561832,Normal
73.48324965110774,89.58114352483892,3.2893966455634858,6.528291759158246,266.480176016596,5.7613065949910105,199.98685345802033,2.854467766197861,45.226909490249696,2829.5547376113527,Abnormal
47.469054694573316,118.2048542512752,2.9471163872504675,3.4635742326530017,307.8836328103622,4.792607988874332,210.2921609968989,0.7845283473148253,36.03835198639317,3073.8021420850346,Normal
60.321100674262055,121.5809487586681,2.9098698586290475,3.8631691494898184,312.3778177726807,5.833805473399627,209.38003590937183,1.6240848772715042,41.4067601902321,3042.3051328814013,Normal
58.25286481616424,113.70787850470558,2.483976252918143,4.023467291672011,292.25927136512985,3.5654577377198398,214.51562460308006,1.7466198234097583,37.61645931705216,3048.60546640598,Normal
54.12051448427853,118.35850587278226,3.1009658347697715,4.00615190984245,310.46291237941404,4.287525893390071,223.42225238818213,1.373640355016126,37.929294131594204,2830.177628892599,Normal
44.50541872635903,126.87426755126504,2.455727892708494,3.6822760086928104,317.1204618598037,4.0141908687311325,218.99899372849816,1.9197683850213478,39.61742703743195,3235.859731540549,Normal
48.589371115330444,132.30702904984472,2.025523586115661,3.3651679876945573,291.1963531790051,5.838294561518824,215.68010075461962,1.462040226075882,32.26902697421515,3104.274787249521,Normal
48.1218316964133,106.95183109567051,2.7208312820930303,2.99638898263284,303.30075419747607,2.8144887082991352,212.88020943901196,1.5535587509161433,29.106391885691224,2777.8281413067425,Normal
49.98815541933596,114.56393103906947,3.4960183179796545,5.283727582217063,303.0566202979908,4.945710094722785,223.74641278439725,1.320756342592679,30.513375390505388,2998.1552326037913,Normal
49.13577162592944,115.64235503029381,2.7211584340822426,3.4744892750960807,300.78401961936686,4.5872663762798656,221.92985046284437,1.1470065168299841,37.784271832973246,2734.4278293335883,Normal
47.109432706421785,117.41991463802391,2.181888143674035,3.6044576685141654,324.96859585846494,3.819292728768881,232.20610861235957,1.6311380339193156,35.27616541193598,3071.43605300815,Normal
62.64963874625976,110.06406996068552,1.9397910405318055,3.4715936623996555,310.25714517571646,3.1193831001499412,220.11169619659304,2.0080641400241017,35.454222171874335,2956.0971811537083,Normal
46.90919775658186,128.98511704551564,2.087083613380976,5.292477144419474,325.46687798171484,4.70540063892943,219.94242455961677,1.8091979424724678,38.284395506681975,2879.1012403410878,Normal
45.787558934906386,85.16478847975057,5.409064938334057,7.799953460148269,269.7511154320809,7.317201642775761,196.5274608241865,2.8708401328293136,52.755085301131494,2516.62948333043,Abnormal
48.49587021983851,103.72688272052685,2.593495104862332,3.969008676108746,304.1683259997347,4.348788561854021,220.9014744025172,1.2555395553271969,30.57121236799466,3270.836164903022,Normal
46.83363647644864,119.0323989681311,3.005419867510157,6.470338631299338,300.04410840088906,4.859861770981208,216.46223857352948,1.3383629086269868,32.83936393697963,2831.151754829912,Normal
49.793543191076694,105.25497312951765,2.973403783255935,4.038502055223362,313.37947978321154,4.127049110443021,218.16398032894125,1.5862691715501984,31.507848102782525,2946.3014348379998,Normal
45.70193243060773,111.09431189408986,1.4450808796871792,4.937528612636,304.50768997476985,5.43070084413084,225.34396160697145,1.114200088045052,31.734766292981462,3384.0754439033526,Normal
58.754629709635715,119.68481486671895,2.6286865532086745,3.558407517936968,313.45882171360273,3.9262544794220227,209.83823117850807,1.1035332640466846,35.063278243551764,2830.339914674612,Normal
49.663612675432326,109.25338960567137,2.1088230387490032,4.597215714489234,311.9798443811208,4.492268462949323,224.39481986535327,1.6441825780042043,39.339689873754104,2931.021110652729,Normal
47.85182510736246,106.98890733608656,2.2855096413137903,4.675338926011712,320.3998989780971,5.2682441344693345,211.02904066725281,1.8249435637982203,29.48444413018379,3134.717598618352,Normal
48.16107736714473,127.02533313933856,1.833775826052717,4.819817342894303,298.2802020311609,3.9652360713174577,215.00952686115482,0.9737145441532503,35.28358270276541,3270.913367675544,Normal
63.33452611160004,120.97155787086248,3.058340637533761,4.162466246549976,313.9910655581457,4.226281079098209,220.97538462711302,1.6612436113819284,33.264620813371,2988.375855016052,Normal
49.70784940501256,128.26403317330525,1.9669839141861596,3.963920453974644,325.29604375242155,5.43124812206875,226.74589524444352,1.5073295520534102,35.96299269105807,3150.335425005439,Normal
57.80127764765466,100.48397087117114,1.842279346475077,4.916610870981853,307.7848851538496,3.962623368593538,213.72919506502197,1.3334949895367672,30.792892149728527,3313.6641409098715,Normal
49.887819740097136,119.42049458237283,2.794038337583916,4.673641618486599,317.5671052524371,5.358897555126058,216.84577224604573,1.4106399585129417,37.30709496632683,2920.891640754057,Normal
49.97446683986387,123.98763764424814,2.8925925411551883,2.755623326340859,315.7179651991116,4.31302075371862,223.53728855432192,1.7330795077064487,39.823745183357474,3203.0180471431804,Normal
56.73285831305148,134.4367031916624,2.645689492407973,4.022529560925788,316.98253666542666,5.085664761146418,218.4546688163087,1.6214470226424804,34.89471059964622,2871.9100637309916,Normal
56.45230370688175,120.5519924253009,3.524354128849425,2.862155410860117,305.5457698172531,4.526111069352697,225.68690548814456,1.6198408117806555,35.93141826254225,2830.910431116878,Normal
44.215293013852644,123.22504660289904,1.8179470030908207,3.62768557479747,314.00733863268687,3.714140582178579,228.02677981180904,1.867180903271367,30.2857400049851,2860.144313522702,Normal
31.7137820440404,93.261129561778,5.766388476572399,6.503326069270171,296.9119586542395,5.716498522577384,217.97975254581905,3.111423540450155,50.060848411414526,2676.7813746517368,Abnormal
43.64225739553858,108.46915668260218,2.983897234501713,4.279294510251187,318.40039233242743,4.759726588402015,220.7149531740461,0.9821968143999701,34.18889990971649,2995.8923519394384,Normal
59.76553599136287,126.86956632098678,3.268030590854764,4.41827639412631,304.30957418440414,4.593699372919881,221.18111823132116,1.2182533290687956,33.846837870221236,2969.1349509484244,Normal
62.844958660520945,73.78889211913533,6.205818420716043,5.8758457180487405,269.4188121909558,9.769913195057697,217.3189806923438,4.378163091666833,54.00350973772788,3214.9612504343504,Abnormal
54.469790695555886,102.65283935815262,5.3429263773213425,8.492162954015157,278.30937012109825,7.022167126202929,206.91039985402094,2.0267920408642675,50.69039204208774,2228.4678240122435,Abnormal
50.265296564663096,128.6528975613525,2.261561769678082,5.17398110913081,298.31599280465207,5.453008545305466,223.3756852820346,0.9851900255067934,43.1323828971216,2990.438207174405,Normal
45.61257988922184,105.92912805215983,2.389990986170163,3.910815189327028,310.82116422831734,4.2617630750208315,223.16612655057546,1.3837110502010261,29.195107648278587,2977.595775652554,Normal
31.060178773013774,110.30655946337085,4.020699769717365,7.19603242589896,309.71112472286904,6.5768769570979995,220.61256258512117,3.196627303319693,58.76597401032792,2608.7118467004466,Abnormal
45.797535072466545,126.87238450395289,2.282105135188182,3.4109853401096943,306.1772811943697,4.464314774253599,226.71090065622428,0.9197736763621269,35.06924197685126,3093.7355391981064,Normal
50.967242874958984,133.09865169433533,2.4628273351207377,3.870813990469838,314.73863637610674,4.57945105196108,218.04795630859763,1.654843211875914,33.042415120350064,2908.323427197101,Normal
47.36002989117193,133.53069160166407,0.8894918220071433,4.2769191843340595,310.2741745136018,3.1553036326095034,221.54863389568,1.6427255975494597,36.7689176940722,2602.2257905432575,Normal
56.831947059272196,112.6226329531516,2.843283873376588,4.5187516464776,302.98642331504567,5.028367961881241,218.0725337954382,0.8785868461985529,38.503225776583335,2883.743255547564,Normal
45.72753268630973,115.96934131963278,2.636118362663694,3.9599107124245285,314.3845353976574,3.428408506777073,216.28806814784633,1.46520087830354,40.69366187797612,2982.9281192379362,Normal
55.42611131830816,120.38555168784318,2.2581706812812157,3.8272929031198917,308.65264230376897,4.982916591168591,226.87305633788276,1.6079042543058963,38.56123303622527,2855.281539355547,Normal
47.926847455929845,112.75697465792334,2.6572222954374265,3.7487291303744104,315.8381834962736,3.755198630694047,220.2151548666064,1.7060573733036768,28.80409167487817,3318.2446960995303,Normal
48.584240575600624,99.74960086323827,2.579046949288393,4.023410427581205,309.34484496342003,5.292952890341333,223.7372248571353,1.5893628573071537,36.350466901839944,2984.346232584287,Normal
58.877454246200244,105.20803981642233,2.569825837107948,4.045517241832146,316.50624324851674,3.8249168980600805,211.2816369880173,1.547046904829458,35.84369147665581,3223.4399114171474,Normal
43.64818976837457,131.5469376671672,3.6837071820135607,3.735564578734266,299.6724622440542,4.174420506901303,220.0700248368569,1.6691363625020743,33.225815810485855,3233.2797801221013,Normal
44.42733842495969,102.607948478272,3.053355212143659,2.4077652781556607,308.36696184901825,6.994144903366438,219.93978223520034,1.163769704791125,34.82780760863962,2992.37988170707,Normal
50.80324970176558,126.62262982159619,1.9804444158161303,5.1812836386657555,311.96091427498095,5.081435237121443,216.8592530012218,1.88591464109866,34.22884277356081,3041.6328770240298,Normal
42.53515138250312,90.0460256039681,5.688205306452883,6.467671803751137,277.19265368743436,7.035224986959454,216.9895307171742,3.0596734971574726,49.41172534198918,2703.7569375717744,Abnormal
40.413255569948504,105.28873594626482,2.6681389446237813,3.4840794471931122,318.45379929024335,5.2734456834004355,223.5958433317772,2.045931536193779,34.75073201677045,3097.332288885576,Normal
47.077995117019846,144.52369912868724,3.4918168262180096,4.008316304162454,313.09268983924153,5.587438079491845,219.26430247592947,1.3030127787600887,37.621969253020644,3011.7658869125507,Normal
50.9149722482263,111.65728656932035,1.6411639258183017,4.165299686915371,317.2396963319536,4.3193546007391665,227.18214759779434,1.2888251023753368,31.83588663510224,2989.91545392058,Normal
49.58703712324355,127.69968731335223,2.1125185879680077,4.9576659657704285,325.735335700066,4.4686847784253265,226.2485521009216,1.183050878812422,38.22566462354575,3157.091461283919,Normal
54.317186400949396,119.84436911129706,1.0228755293789844,3.5507909994435094,304.9926718585232,3.717396049551618,220.61121502273534,1.3743109663436297,32.526163970704935,2841.179977762827,Normal
46.422435072573855,131.21499211849928,2.169487472686253,3.6395429054967092,306.34641907981404,4.771194811047536,222.28124744264267,0.5866030382270515,38.064905641482824,3215.455205136563,Normal
44.74906731319165,110.27701755265166,2.274873306110864,3.4707971863803766,311.7914149915729,2.9427797709129084,214.4103619598163,1.9617591600524722,32.215340097955945,3186.514241715439,Normal
51.776690977950686,101.90732285411741,2.817664597608103,3.9176328884650027,306.3562635500021,4.695965674537603,222.37316742783395,1.7122775465923858,38.534758542644006,3061.2203869167533,Normal
43.12182955606819,115.2635454234881,3.9715241676343105,4.50714374226721,328.954298406492,5.616347265759348,221.20901035777874,1.5904221209343352,34.89025988036946,2739.329307623025,Normal
50.09023626234112,132.10674552542196,2.200180002589398,4.288367099343267,316.81272836714555,3.7722556485500194,217.74348567828167,1.1946265528568523,32.53350317993178,2806.8592074520407,Normal
45.49775769310987,134.1945568079784,2.042261485454854,4.088521453342483,305.9770499706324,5.443092749629551,226.5558114830181,1.7592209946416841,35.91840365930827,2965.341069473865,Normal
44.04062647904375,139.43528881122197,2.1201634911237233,4.464552442922989,318.4765245809872,4.0557756024757365,225.1900626365798,1.7292639610016565,40.183891506145294,2929.5980300359934,Normal
43.570679913601424,114.9451024455549,2.604426771267166,4.040748908959539,306.8524968298036,2.9726420328182055,222.35241498064553,2.09170334372466,36.39275371436901,3091.370327858027,Normal
54.57956244924081,110.955700048236,5.931665966868095,7.474448417422799,285.30984245520085,6.806016634986869,207.51026344719324,3.719890647515466,48.419585194385135,2778.5846707828578,Abnormal
52.195750668502086,128.33179431270182,3.1413974844194903,4.0546051929352,299.5377874788187,4.223916722544648,220.220312837033,0.949269373146873,39.16599356030745,3021.35668687657,Normal
51.906764172901426,133.65526462526265,2.1849285849288265,4.401829351618821,309.1210870151845,4.352730506387265,216.1390380609781,1.9996809641059583,33.873499879773284,3104.919637034355,Normal
34.99994090022451,122.6998279453468,6.052211155957059,7.116920932356764,286.59586300793114,8.60000000842035,232.8879066088029,2.2657343107675603,53.91013693787064,2472.095674461524,Abnormal
49.900408018501345,117.52119880921337,2.285840871101122,3.9926744096630893,300.9266308377777,5.323344348902374,211.029282444007,1.6619293538485027,34.020392442396286,2824.361265928882,Normal
51.01191685299348,104.43048913293522,2.5198569108598172,3.003986164531912,313.69017667454267,3.7605141330956995,217.74502991485346,1.5881848163829486,32.68237366447329,2991.3054000497546,Normal
42.43084749377573,126.30875603596155,3.3824569027753855,5.954546207536973,310.7293451733315,5.130563312637749,211.09687163546255,1.9508202978916764,37.32868551417232,2927.409983257315,Normal
56.185904001445046,117.45523923354658,2.2709874084927217,4.332734447799244,301.49316400135746,5.317299811519959,214.72005094036578,1.184983563053044,32.270930634775,3113.925005627418,Normal
46.916123192401464,106.52004215632832,2.1971600000321008,3.977570340523659,300.55222013068493,3.578655112772525,230.55648167049793,1.241830378855834,34.03087289368098,2944.914449880107,Normal
47.89321596114779,126.21346739969103,2.9740714752360247,3.7858318979278858,300.1081737072612,5.5195521822791225,219.52329454401658,2.0190965444571507,28.263242307304512,3029.310483192498,Normal
59.59303166938104,116.46735864561842,2.387253288332682,4.206858184113237,305.5296334489203,4.250342454357813,218.31092452904298,1.311773779672088,38.686569650601676,3069.1617048444655,Normal
51.25314116051651,128.08571006890116,2.3678220833982664,3.4580573271529698,305.17900556308354,4.5014264328836875,214.7039414581355,1.3499216950239974,33.4516500743857,3318.683434474352,Normal
36.13092530033042,118.20380278594367,3.3628468964073854,4.085291124892718,316.02733978736876,4.579861052079814,216.6633330939176,0.8274252196473261,35.61636706110891,2883.6590093096415,Normal
45.99832296917348,115.01012744020888,3.3724307033117467,5.683386279577781,311.7376635002272,4.128186220870618,214.11386791274396,1.6405620484638208,40.34871680019543,2962.8989419462264,Normal
38.105019796233876,126.70049671815524,2.9926998557250246,2.8899080517299067,311.4118734693036,4.860980812908879,219.6344634899553,1.262768724274394,38.04781167069067,2939.4930381046975,Normal
42.57406918650034,99.50525514330319,3.130424759999655,4.431664783529783,310.70378837703333,4.147780290519357,217.35500792898438,1.1772790054675166,33.705633066320345,2681.986917731974,Normal
44.111490772251884,100.3359372547336,5.609880047190419,6.952088243951963,301.9238467081334,10.023702657670144,220.58170093824103,3.8293568931649897,50.05931339590392,2454.80299789661,Abnormal
53.69972025689658,136.7974738222153,2.671053019825209,5.342081403898286,297.7954263355113,3.576669292176367,224.2760075387413,1.5792870630459752,38.941346529715425,2997.679253890989,Normal
45.66012288735834,117.86406757794957,1.733658014538133,3.2099865288320757,317.7795519833441,5.198229931575688,221.8150214240304,0.9836767437118592,33.924789273461336,2816.2500167009925,Normal
55.88266626893883,114.16277866437399,1.9571261446092252,4.020857315584997,304.87876434532313,5.686995128162966,216.32594551232904,1.0802315222326107,28.541259452727452,2995.382024637988,Normal
47.19034943071037,105.71095393488272,3.0946132306278926,4.467071603200469,309.7742569685022,5.591460995336694,223.31268016699306,1.2531432295444702,31.8823395080277,3122.6972316680794,Normal
51.981834782336755,121.69747767970662,2.076751098565546,4.425563296904028,303.95600893492843,4.418410676325058,227.23472073193489,1.3017497292569562,30.281032228781417,2842.1179212194834,Normal
54.971494133438114,122.54731137380209,2.4355613106556233,3.6436343362819015,313.8828792604255,3.8207161192078214,221.528327843213,1.2806236293561128,32.30702184417484,2904.376884776248,Normal
48.12296276758019,119.51170164066296,2.6177278975555573,1.4181442960000892,303.5387955380259,4.186744018115169,227.52531019304166,1.1759992174853604,35.48838985429974,3224.2545464603754,Normal
43.43515735026364,123.93975225864402,2.0988640830327396,3.646756380397536,303.5751133283735,3.9145141532672914,233.60956073953247,1.7533367616214997,38.30521358535863,3073.7990230254745,Normal
41.96871605799021,123.94957970323307,3.0364648072536733,3.402620368172622,317.72261333728903,5.063468967883263,229.26020022406834,1.3746650962459144,31.70716705317282,2945.755783594118,Normal
61.48456794530899,77.57391178737055,2.9316242845689677,7.107274334717936,283.36116060838765,8.011591839763527,219.45311771235865,3.1132014577168032,40.6349708453469,3211.120389299986,Abnormal
45.01385856280612,109.40962877987903,3.051860006861298,3.7308576152709376,309.4928811837215,4.886232099248255,225.41791551554996,1.3999617920454683,39.559856017742895,2679.6300226897793,Normal
53.79893618476539,111.60472441982343,3.1861356583039955,4.099431135181382,304.6167573439248,5.030272874417306,224.46594173603626,1.6925682368575914,31.91091128110082,2927.397431456687,Normal
49.97963581439282,119.58740347349939,2.8748727377191736,2.589569137245374,312.67461643642804,4.268014916450688,215.80749691808023,1.27725396666912,34.35638700644611,2459.837234331072,Normal
44.3896834336676,91.8627776303056,5.532783209322624,6.033367980987375,286.77329299744264,10.313414941491953,219.94351519815424,4.131589979960417,47.50063784794574,2835.7580698224133,Abnormal
48.83051099773203,118.03906789323062,2.704842671873275,3.5821044881053474,321.94402483554563,4.37189588832165,223.09180283129834,1.9366801437771894,38.09496132372553,2788.6621345964213,Normal
52.22447947504942,128.50719394460646,2.9459315110803743,3.220693616119758,304.7437181038614,5.295646588593297,216.19119814658677,1.4100911830007057,39.72762742850591,2992.8301124422815,Normal
44.18580689732926,91.83573964705643,5.332719329585188,5.400222389827349,286.28996054155374,8.499845802485032,222.99149820547666,3.967283656258997,46.429674410089106,2994.60482939093,Abnormal
47.60387969962018,86.46445466925887,4.827958640734527,8.725803041374842,292.4786007509739,8.01878279649468,226.37211644702853,2.4980516070619014,43.57200442973614,2296.038382258292,Abnormal
52.98118549184044,107.49739690672686,6.542736367279776,7.292170092564124,283.93764260781046,8.00269230931716,211.17707418460958,2.329767108670283,63.551658221674465,2829.967754525478,Abnormal
51.05004154011294,126.1516398427858,2.8547054902933025,3.9016125601482976,304.9500709100744,4.979560549057363,221.92855420265727,1.2570329702731775,39.25710683410179,3044.0028054484474,Normal
53.649096811338154,133.9192088767992,2.5109444105824172,4.221866404888881,316.4802179080489,3.920111132959958,220.27025831423,1.5376645759953445,32.13182434494982,3347.6455183010817,Normal
42.96353278253799,107.01896096312842,3.1571132878517894,4.499286375557579,301.7922814601538,4.985831212081354,227.33925222498655,1.4909210827209043,42.79646870022375,2741.3907283697945,Normal
55.55058763087282,122.49792504331505,5.8913439016052465,6.754773128025222,285.64337776983274,8.666217756630886,218.1575448665207,3.9217314053976544,55.200289453966946,2445.282510733316,Abnormal
48.861145104381826,110.59984067876246,2.306943611956929,4.710654624270013,310.86387136580186,6.5854873305198165,220.96703183594857,1.5179075641739208,35.31854875832065,2904.3286960710097,Normal
49.71081693811203,131.27788027111646,2.556985334063886,3.44457818908157,302.5993230361709,4.139838486667325,220.3693171720544,1.8580759606428785,30.97853407590069,2952.0260583166864,Normal
50.721550097175395,101.66294232370565,2.083200858516797,3.5240780221846695,303.632237009196,4.653511636017318,219.197201952491,1.333414169219689,36.283887879657904,3258.4612076469375,Normal
63.11405213393402,76.15842341906496,5.577072183835139,6.786372051923394,292.3273301429804,7.402575449686177,211.17588629887203,3.605985177250413,47.10524121325538,2475.908113043705,Abnormal
47.75652158690258,122.34259264456766,2.7994981708421323,4.597344284138103,306.0464798154647,4.727075653842189,224.81251295976648,1.8496784685432384,34.82350143760544,2966.860241259058,Normal
50.95562116918196,108.50292527102594,2.4031952444822458,4.521210478931191,315.1355770355496,4.283785916508889,221.08859100543583,1.2526048979127937,37.11047644467507,2988.326784579529,Normal
48.620242741519306,116.38276163906613,2.468553066550071,3.686485648547629,315.2651442880205,4.183773161587055,227.9648204801369,1.9395631510444142,32.32536953043649,3010.455640414392,Normal
46.746716893319025,116.73352436811389,3.5012137338223983,3.7847000080189406,312.88180829661945,4.933057035206622,214.9968531375838,1.2434713576772385,31.381932885775644,2867.1043899153333,Normal
35.749849453414086,125.44582400793628,3.527096920628035,4.1034745173255684,298.66984912527516,3.985778893680042,217.705615774875,1.1947245668359874,37.58054791518547,3121.5390066563,Normal
44.2227410309117,127.25081044447508,3.263406331788633,5.331790743660692,332.9216961846877,3.778405880445442,234.12110213197602,1.3937380834473636,33.222603633858455,3049.060856231677,Normal
47.08969332953494,123.99044140646527,1.8399614061313492,3.832873178555596,320.2846578748934,4.454350966855075,220.70797893369942,1.6425775814151935,38.51198488795298,2751.716293171585,Normal
52.92262025918718,117.31860860758236,2.5833189476559193,4.741965118833663,300.4465067887052,3.6898844468455283,210.32285020143098,1.335252317470867,38.99129703313645,2981.9119217289795,Normal
43.29937552172607,115.14321255424953,1.7560691482546886,3.212369728788187,313.1105512821097,3.560901338955177,225.5631715260165,1.4786639127508991,35.256784111833575,2958.244054858816,Normal
53.864239192718614,127.8315988777701,2.667527175956086,4.395352374135354,308.3032826406366,4.933762405527239,218.31061112263097,1.5006694866487207,34.176068751901106,2931.4172191021207,Normal
46.55444101139105,124.67690103858885,3.1553029564067314,4.819771380168691,299.9474773124365,5.5313624411254985,218.40920749191037,1.6802199045436774,32.28135400385837,3021.2969870811007,Normal
51.56861591448454,105.15395208080348,2.804133583172095,4.942154505486821,308.602816434547,5.588134504662411,219.05153253273795,1.7548753593139852,28.3442901021467,3362.8166668970193,Normal
57.47729122621479,117.15374495746322,1.5139554866780909,4.201619857813842,298.44859562341,4.85588283004599,222.0578285958214,1.2175790492993925,38.36290107084314,3120.836205420926,Normal
54.87911668644281,120.08857703668896,1.7922379665431467,4.684510590547796,307.8370288069137,3.3881758854458646,226.76019682987163,2.129822256150753,34.87625561306239,3323.868173190494,Normal
50.45657364305675,116.19544095833649,2.184770772907261,5.14595768559492,303.7588489488978,5.08821544797999,217.20418082470397,1.3619079712276911,38.0907490819087,2942.994473056597,Normal
47.97602310289854,131.32804697174808,3.2986986466108115,4.451282862298964,304.7618417950084,4.091513200561937,220.39957631870018,1.5962790185776972,32.036402269580684,3108.4556909369794,Normal
50.68410663711679,79.26437522042806,4.071073517539269,6.395045591618004,288.9071346673842,10.833918193255993,212.38171306139628,2.9114596770709626,51.103154021535815,2611.9780631365297,Abnormal
51.62379119766771,125.80567687035615,3.104615323611969,3.982999453030982,323.1116842207987,5.226418130028953,216.46280227593905,2.162956699724539,35.980983539810296,2874.7313244041648,Normal
63.22330440984337,136.16666377797668,4.96697473628044,6.395619687549284,287.41437563819505,9.072097591276549,222.77856655030513,3.8993411316045012,50.50861604235885,3074.5029425761068,Abnormal
48.43581763474239,130.30919338366908,2.3559686008243608,4.301716070607625,309.0914994816764,4.455318253877751,218.11306741268896,1.9034562093542085,32.801221885674394,2888.9651621176936,Normal
60.604967829225544,129.7784756465433,1.3074431506534818,3.6043188825527173,295.5040852995036,3.7394474452677957,204.3074266688298,1.4589031266918173,31.574174542516065,3008.9857885194656,Normal
36.999029928939805,106.2436777975806,4.5850837218796725,8.802343558226315,311.17035292618436,9.178018404515424,206.73386219338786,4.889766276682205,42.234823610800895,2349.1103426090845,Abnormal
49.581084500554674,142.5403810892112,2.398830546564956,3.871728329753503,298.4647171511055,5.256743668216303,224.76588127164678,1.736722560419973,33.11233798145791,2893.993984744049,Normal
43.53438874797515,120.83872501760933,1.9597963353607493,3.175808446325498,306.6104742647146,4.108675059852627,217.31010735589024,1.6399333790520785,35.23714340645084,2956.7765954233323,Normal
50.91506464155741,110.08472958895368,2.552639311954839,4.105421744991244,297.97562512514014,5.296555003496289,215.59283147386503,1.5270929397619304,38.49323522160581,3138.8515136570804,Normal
50.171666942844176,116.37500997117931,2.9737559542877836,4.472286484466034,305.05307983964695,3.8640850823986477,209.63822409152002,1.5462095525050763,34.751906764944806,3170.4287061963814,Normal
52.87244074784293,125.01343791259036,4.302635772083829,8.365780397161142,282.0662543134302,9.166394092688408,195.41241607469306,3.664594709556332,40.07656029277045,2633.215628514561,Abnormal
53.522831951023306,97.18547173153357,3.9495623712440326,8.01534216315512,288.44805815229614,7.265644029453993,210.41895921154276,5.345668399361912,55.767514248907716,2990.64341704696,Abnormal
53.48437055193891,107.49727908865721,2.6039177116695837,6.185223584244241,282.79138380196287,5.1876619039287,198.42584209784567,2.113414470354156,49.80838082151314,2904.691492712204,Abnormal
55.53387259312164,124.14784462079241,2.0183018294007153,2.6475543890360287,295.945050404788,3.4848139381964014,215.55570150982163,1.452075450602524,31.957507345619096,3050.846384050239,Normal
48.83863248600264,120.10545711741025,3.0701252763356024,3.173837786059741,313.34963662633896,4.488821417219142,218.3325685951515,1.765576896259788,37.63704246367102,2858.0263806017356,Normal
48.542715329136605,109.21817523876098,4.726993251977415,7.702025598745358,294.21788026865414,10.748841860534018,194.69720864070212,3.4142948071768218,45.457487442439046,2851.026863859761,Abnormal
41.91414054977228,123.46312710224886,2.1849757843258293,3.48608669371529,298.4280143716745,4.1279392430391955,225.42250265145464,1.4924433949411562,36.883041253623425,3249.6962732949414,Normal
51.31877792411288,114.41200427937659,2.733626107591395,3.6189926975799955,305.9646185336226,3.284085760304812,224.63128745542195,1.3841992273051682,35.54629473744759,2844.605710709004,Normal
52.179738148577364,112.38058761864916,2.429145639149088,4.6144782218673885,316.32607449786025,4.482375941986447,211.1593448364664,2.3978431710181924,40.237576910819406,3108.401223733245,Normal
46.23398109204515,118.86407838298035,2.2282897851117416,4.884699157367471,312.1000231268147,3.8726689133121335,217.64622450437608,1.8363564427709713,39.80029354046143,3229.2497345229367,Normal
56.056256520431816,101.21062696796045,1.7584861746708795,7.356592028569866,289.9725686173385,8.209973144482031,210.53897347033205,2.57161648663559,52.78704278425593,2858.0540785079625,Abnormal
53.4116939102983,129.46577003573387,2.8020258224608114,3.7129794119227624,309.4333052166713,4.572899893802702,220.53849724553308,1.799465296791519,36.93100625906747,3311.601515935493,Normal
67.65175183907738,106.19474373920887,1.1633444515406306,8.48419895935272,281.8943549151942,6.79777411725349,206.01554725010632,3.1873498672297753,53.061349050526964,2310.1410552184434,Abnormal
44.61139627104199,123.43158554197417,2.811472015206654,4.449079151455209,303.7037097685336,3.717387480587008,217.4668258310604,1.5719618256854175,39.45643210781765,2692.8844221343875,Normal
48.896356215208165,106.67321558974797,1.673878661323255,4.676869651741372,314.3569965959947,4.859546812757809,224.60512919865496,1.3560843309701591,33.702087450999414,3327.859592508386,Normal
48.76714472870213,127.35132113054091,2.5031907704816576,2.7062190289451094,293.64296796958985,4.036812624048077,225.28050625834993,1.736487496990801,37.742231492672104,2851.9430731595526,Normal
62.92697992097851,90.52660049720424,5.2128243986699685,6.987577252110716,287.39189269528123,10.007888207443411,202.9488947983404,2.5552763210016503,50.099977431032094,2600.0433164283686,Abnormal
66.88691459541323,126.76507476439976,2.295329712390688,3.260721901569039,294.9576927154497,3.6798247314100534,220.57470885879565,1.9281985954784309,38.36506742716376,3034.364224746957,Normal
48.384161671487576,122.68812356412154,2.240681001257712,5.202854797034713,308.48647854979936,4.430929713402619,208.92088787489666,1.4413695460431708,37.50945241389482,2839.841613444218,Normal
46.246398327535935,127.92711017733664,1.7616713882409734,4.740460705279343,305.7428488786152,4.189145423607037,214.38060797437203,1.613413878128365,42.37961595508814,3117.224585919095,Normal
43.085717904475715,122.03430878237214,4.6833204540657505,8.649381977713071,302.10014603246543,3.5852876517924006,199.9592036704497,4.161069655984773,50.75828636072509,2444.0610130730374,Abnormal
46.832052422530936,100.9376337991062,2.455813356236802,5.547482808211035,316.4394671258586,6.252333600950738,224.4119854489499,1.8082438030058074,40.92223606323507,3056.589488901334,Normal
48.50218142794496,120.48986274933019,6.453840237121884,6.4240424287453495,279.17646376489955,8.20828404864632,218.31498866931662,4.058663734063093,42.879161999062006,3177.9015167658304,Abnormal
46.794175353015746,117.34935003111421,2.04867282000609,5.888830185155961,311.9365653623037,3.819219935454748,224.31961774981224,1.7307407337930099,34.43681892926035,3126.0910069175075,Normal
45.87354019584568,115.07081725050747,1.4948916727169685,3.0732342410463063,324.46104644536547,5.813142902177852,220.32894324324482,1.9988794341569514,34.51977654017509,2963.4884546148137,Normal
50.28255324232778,118.75078404676435,2.39240183821991,4.800378675004687,311.20108523164964,5.0699854115470435,225.15690262638665,1.61645573869642,32.089186022275285,2797.070116655394,Normal
50.743903174036525,118.28743695175065,2.543695714460061,3.98876217252599,330.6685892813325,3.4358189954869296,210.05026865089437,1.599713050055883,33.87073233623541,3047.4101804594925,Normal
52.91941511142001,132.84104695178897,1.7463870898080307,3.610297471499986,313.4300900710461,5.116370876549781,230.96724775144193,1.78671119133416,34.82963421234117,2866.434637058601,Normal
47.1785507364049,114.07297177042894,2.8276168142568805,4.179898211910081,299.4108034332626,4.151278824727654,224.3877377672571,1.6054987064922177,36.70593384803831,3057.4382565085893,Normal
58.1321536730443,122.3604306382437,2.306988601064651,3.3589714712065075,311.9968756656777,2.5474367881799327,219.07855499083644,1.4382480420235968,30.906587439148158,2860.760124201601,Normal
56.47726024118593,108.46067623612444,5.1017883337073275,7.367617040718427,291.3894138192339,9.864293844287472,211.23429181703648,2.479250820326875,58.15064982437205,2792.5850668322114,Abnormal
47.05373134602466,107.46598281704982,2.6979571104790225,3.917979596517937,322.59317428825926,4.223274175466537,215.81309605158768,1.7687388654707785,37.775845678150496,3025.297705141529,Normal
53.38178523837454,119.62312879257762,2.6169325505046235,4.815493617794746,315.002546672172,4.3645804493339,226.76181272963075,0.7905433881625463,41.156219934265806,2744.10613576639,Normal
44.98325740182163,104.38623697207396,4.853519329271839,8.207693248031866,274.13245072084646,8.391150226224594,204.21787901780246,3.7065986855361914,49.676138701010615,2723.2339131707445,Abnormal
47.25037583767827,114.89936049903918,2.6436362570137133,4.660600854029231,305.2137653264172,3.804985964341672,223.06730082835918,1.4902488320826932,37.49149440195786,2864.1304179943277,Normal
41.10280537288285,114.66995918173666,2.116823695367492,3.94484811994379,304.9052382858369,5.09281356106916,218.55924868788742,1.5451423496321703,35.47290367532283,3029.243263861828,Normal
49.80696711636021,112.65901035615471,4.204344866174193,8.67930151198466,286.451939249472,6.032676293151978,211.88073356991774,2.9041736622867607,53.326672672544376,3252.4013940105942,Abnormal
46.06713954221075,123.32372333223985,1.6222472056476862,4.317733660608943,302.9142896016025,4.000132305252414,214.49356755080086,1.7196453678164207,38.021913072419785,3003.507782198776,Normal
45.6778664733214,135.8952303610386,2.124794936122672,2.486577390050793,313.66711207965653,3.616180261086787,224.94304396749587,1.3856586909979745,36.811139721632586,3210.2250519828235,Normal
43.95570567689639,114.34062869107595,2.4621644636714684,5.07628592332404,304.7329382564764,4.0243970432407945,222.39070287777903,1.3268313822868287,35.45757764869285,2767.269386854781,Normal
67.71463954045277,84.78436154535895,4.678247296009792,6.961022756989486,318.6903220153519,6.01273132860089,229.83704135478752,4.030023774771416,52.08547662211623,2453.8415782455113,Abnormal
52.85570621019037,112.765133775802,3.1333306265992062,3.320256579624587,309.0947320443513,4.055781529589463,215.06238518786503,1.7223959450723743,36.6063762422289,3181.3515298351494,Normal
41.10062445895916,130.64170702341045,3.752724452678447,3.683851237576137,325.16118889687175,4.289470982352139,213.13795131219348,1.4083102672779613,38.144611903025826,2874.2735276502704,Normal
45.1972907279481,113.90309148439786,5.003060116738573,7.701547542984089,293.56744311137504,8.71943797932736,205.6769881419046,3.6622116594212746,45.36313497152033,3022.108405625847,Abnormal
44.92580226546149,121.93271231324084,4.766393039017134,7.242398812908785,282.5755317366395,6.476006853247957,192.55239612394698,2.7612730889852783,48.38045573392039,2752.969794707221,Abnormal
55.05189656641632,115.54242540203151,2.059019617866413,2.9900996497981014,313.8405089432328,5.606555612263475,226.33165133978144,1.7129798244441712,36.9156299518028,3254.643566956401,Normal
51.66040730708405,126.46129676024171,2.3396080690740004,3.0465696404016698,304.5292087960034,4.492672769172276,220.3039268625065,2.077885756456618,35.243831502773205,3176.8265166038464,Normal
47.82461379211842,116.88324114234766,1.835496181388276,3.4803703909864,314.21585113091004,4.506048144315306,224.71469309948617,1.5543761845035151,33.94263880508677,3322.2445295680436,Normal
49.530482156434765,131.63000969705303,2.299395396727661,4.496719635568496,317.4241252732135,4.666793576460464,208.22758538651698,1.5054757382568338,38.69138014327993,3079.1221249541595,Normal
52.22919437614623,102.77743066042481,2.1397724646624705,4.287950341806007,313.28306621429516,5.471733424106322,219.27566622426951,1.6217472260021442,35.04912272579388,2851.9585895247665,Normal
38.721043344526265,124.31009692130077,2.5869736042064058,3.5672774705298815,297.0466155478731,5.0037916115269905,218.67039962902223,1.6670624167104438,40.59214559123527,2678.7853679520445,Normal
44.40319353038109,101.8593658003213,6.454826174146651,5.036316376952218,319.0379153852091,8.203783852349435,209.0399933826614,3.3613581657467657,47.81868483909986,2962.0291898172886,Abnormal
41.45183396734049,110.1812127246578,4.615818334293024,6.085439861783082,328.78962763525846,8.62857610213019,216.13265544661144,4.296443746468063,42.89325027340726,3138.072977280508,Abnormal
37.455214107524625,112.3123358996148,2.2704841634105497,4.407206355479354,311.7497461291319,4.366548207441285,219.94001327686138,1.2065930929432296,30.50830281654748,3108.976743350409,Normal
55.54964890028948,128.7674156273559,4.209982903184792,7.831378252361107,285.74439907452904,9.785712477790224,220.21962776678143,3.6478465794571195,48.302349216670066,2940.2330446520655,Abnormal
53.23452261628283,113.15559597913817,1.8361006632602845,3.7980269695227427,322.1233105227857,5.417189726986431,214.43836265164708,1.1496727752300238,38.82405154903846,2829.654614286326,Normal
54.074362589136065,95.75893176995514,6.617044924521682,6.0754902410345455,307.1504229530874,8.277287981090547,212.52194854234287,2.1207839930540193,38.985433233971406,2644.8585149331716,Abnormal
51.234530317083056,108.74802172262277,1.955653294761829,4.393030840878293,314.50283584365707,4.389807151689658,223.90100860593037,1.147739311283956,33.932195248739085,3247.181640867551,Normal
50.341610649699085,121.26312514586999,3.65297329298387,3.0204604839058606,316.3714429331369,5.83118902384648,218.37571036750728,1.7578892360564538,32.05394150836729,2896.9901406648974,Normal
53.07973132838107,116.97850009665885,6.120936512406246,8.883554304327392,288.9883016216723,9.790417632758881,206.57695156550852,4.131463918111788,51.03744398926091,2811.419476770481,Abnormal
52.11753937011019,103.95294990202189,1.9379390705696133,4.071779007872266,296.5017673628706,5.164968882559805,224.35777983144072,1.5981511658633372,31.636597961726235,3207.0208408302774,Normal
60.18605319859179,121.47076827445974,2.7552676892256183,4.14121705835723,314.2429535119904,4.4043529946988835,219.82717880078098,1.7717152801492095,42.03687248568932,2789.989314839739,Normal
49.480937577985166,108.19539514767918,3.2960124492880416,3.5885834214760712,298.45439364971367,5.010549599078859,228.72155557371556,1.6990793605682288,35.61439363184575,3061.371138416399,Normal
57.07420331412777,111.2580072998585,2.4440764479568435,3.6831168960433267,300.6570775416663,4.237299792466558,225.53860547991223,1.6699806445178176,36.9329315003246,3021.971341747998,Normal
52.616618913642945,111.99409657651894,2.345245057036385,4.134402965878074,312.22012687105513,4.756150283937498,219.3083235899181,1.3867729796609012,44.47331384913289,3136.0180909398596,Normal
52.065737379763114,117.66791501793605,2.2743905865280616,3.908439584391131,312.34263074869347,2.9956515647495348,212.15305202312658,1.3089352833183128,35.621418310335706,2964.109027927222,Normal
57.39060613049742,105.17603213004232,2.124327265198315,5.064064218693771,311.0489545974012,5.207874066240927,230.2562347163473,1.2918586746294531,34.7020569866239,2959.1359648603693,Normal
40.22703497758362,116.8960319624403,2.940531093690333,4.3784126792685685,314.9526653551041,4.1995928154884,216.71951381997178,1.8807767015695862,33.508048560926994,3044.112305818982,Normal
50.81667340338769,134.61717016257117,2.98570617883618,3.0933189655330153,300.4995746657997,4.9631278544553075,219.67831176310418,1.363448464813871,38.046883651983414,3028.1189073133364,Normal
50.26228693444722,127.79828640755049,2.3124455025282176,5.097963289830788,303.69561901413596,5.02554325307367,227.16916419329922,1.08681135321837,33.96999447244265,3171.3311089328336,Normal
59.2579563818482,102.4275659941764,4.26532890632314,8.147122986796914,307.7532365387241,6.253004977231408,197.9608635103362,3.65767967738852,53.14680316714446,2625.2327286924865,Abnormal
53.39646909991175,112.89863393162618,1.4426532004631323,3.7032692493671826,310.5058571721048,4.279328032082835,214.20698368170258,0.9553053072363548,33.4577335868963,3134.6483657474614,Normal
56.28098719706841,131.87713384138456,2.0920452324257237,3.1924055734587453,313.9730769198392,5.00808000927834,222.0008480260025,0.895781017728671,32.3993462453496,2995.546681457103,Normal
52.43609097315213,127.67307362602487,2.57212676114102,4.231548664576765,310.6789236668888,5.048495499374786,221.56432825745455,1.5197212980141863,34.19489360258786,3012.1937137563723,Normal
53.8767310307142,109.01213083347092,5.380826418345253,8.611266233621423,293.9774588411988,7.026502219290263,218.8360678599417,2.5436611636317576,44.59293309630357,2783.961816180017,Abnormal
52.58198333893289,107.54948776496005,2.308591259506625,3.575741317446239,306.1065894169472,5.254878221018357,223.53252731773625,1.4942633460438877,33.362114218655215,2797.552549466979,Normal
57.10092469390975,125.92113900284919,2.14666544796343,4.503719648337424,309.438211035403,4.270312396110126,222.176057641448,1.2775505250261825,33.96873044146967,3018.2191596299317,Normal
47.50274403557393,126.69085210267524,3.4345332518391305,3.471991307175,296.6789976295676,2.898607866018991,219.2476592925251,1.3010506229621452,35.623581503201244,3019.889650803915,Normal
41.98391576692952,101.85116170518594,2.6479666201730474,4.09480018430397,306.59345601306757,3.1742851318941563,222.35695631382495,1.881569863627183,35.83394732065677,2872.8789164152404,Normal
50.22276082785576,106.33885919066316,3.028980356919396,4.057291034170677,295.85474470597416,4.259460511645054,222.31650755117116,1.4000857137073432,34.17231283567948,2816.339668942909,Normal
54.53232789665325,95.27296199971293,2.8435546229949673,6.554491155195527,304.7172457335553,7.419605830100079,227.3798498512352,3.800277563983962,51.69379081140183,2667.9004335205977,Abnormal
49.453710337885674,101.04864547320744,4.697730607917474,7.637040594480578,275.9625315531415,6.3861592569136105,198.76804949124622,4.931958183374007,52.6517145083529,2776.123050420036,Abnormal
44.71242664853284,126.23342300674828,2.4417143267733357,4.1499182587922245,302.18703747309155,4.628215085934062,217.8808323089676,1.2703166528909438,37.20231900742175,2769.3438287204995,Normal
52.82388132157075,126.84486133552996,2.0601781622243798,3.425770077207273,308.2157945498688,4.725628968369777,219.23572504092888,1.6300687380575638,40.288938957612196,2923.842484627543,Normal
36.278560234372634,117.3888537454598,6.68331457592753,7.471322035661349,273.68376986969497,7.8141614551471985,198.81476515788367,3.949998845774063,43.24354798650783,2624.96780329295,Abnormal
44.97831086853047,121.26824685134962,2.316829161431121,4.123733472275185,310.1788044397309,3.7106727778207116,223.1343853176451,1.4853703044470654,32.0344129764023,3336.138983430869,Normal
52.38215083358563,118.46739446600695,3.207602263350912,5.289270926570625,308.8372046214889,4.777917989147809,215.0599859099853,1.4558421747695967,34.40281233872039,3027.724055043248,Normal
51.66380239318505,125.5982844882806,2.6188213281499797,3.152480161359585,302.49226315407134,4.062873904429061,218.58879704038387,1.815232287141634,31.51118303944126,2946.387742774395,Normal
54.76504749107025,117.00122525503387,2.730207824921412,3.9023205699504677,312.05426605859776,4.317221964952368,223.33532736364177,1.0364830777780694,33.910063974834365,3044.485901504146,Normal
52.66847624003096,134.92952622753828,2.3044876665672116,5.0356372333026105,304.72780938672264,5.562917129235715,224.08733563349188,1.2259624261103332,35.921117711755464,2992.3146246701713,Normal
53.127922968375,117.76728411566691,2.3463768871691344,4.958366207933996,309.2102328443546,5.161137859353413,218.873242574779,1.999998977768257,32.96499611199352,2907.878470312922,Normal
62.196137448927225,98.32580413657121,6.601074306164392,8.070208695513776,287.6802544015875,5.280059791974262,209.80681695728165,3.571141037473397,55.83608866652187,3097.111794060028,Abnormal
44.52010256685002,117.01772645982274,5.76540215601335,8.288095242892535,297.4803486820332,5.086253463557345,208.4457756747224,2.691004697558159,48.98697113540963,2945.0010590334737,Abnormal
51.525754179374864,131.48090866397433,2.6708769603567695,3.091171842231768,289.8332239474181,4.619047009343673,218.93036766824417,1.2069162781854355,29.898118251045865,2889.7885179790937,Normal
49.02754257567612,126.6587782370639,2.59431554078399,5.12564707302091,301.71516755163685,5.204847113645947,220.23649371564363,1.7084007372355754,33.69045541020337,3160.7520560835883,Normal
52.36179806676194,94.80832522623376,4.9879759710868115,6.712532969275481,297.3376752595669,6.230334875938237,209.70648297884304,3.7767150768545314,50.16511653596517,3036.735311097249,Abnormal
56.19218219256842,104.8877880488888,5.216689097497673,7.3547986617784,296.04949406250233,5.261513006503089,206.98473704230653,2.4608926522646017,56.391404737297435,2684.787619999268,Abnormal
49.033295251601885,128.96797332033236,2.7111623987249374,3.209955839934555,309.43275709978104,4.231866421418892,211.27733555696972,1.2929171300288387,34.449379033950606,2982.7573602762236,Normal
38.14214861058153,122.27498374571213,4.897896941108561,7.0450636919926755,296.0096245750976,6.817885619144493,214.56355973132696,3.243047747787272,45.51707229676404,2843.36187333885,Abnormal
61.93339087041446,115.87244060228747,5.922977565140431,6.375243272125241,266.03570406247314,10.235206283149761,230.5451488940476,4.579964741638777,48.32107030510125,2411.341415317789,Abnormal
44.671586510902166,103.1626743238595,2.446310690794977,5.123974570657718,308.86669894502205,4.74185832027862,226.87798482152104,1.37877140645028,41.10659437015879,3298.814161124618,Normal
49.34444330659759,114.22465735980788,2.8486190231951563,3.7567325402367993,300.7475582634613,5.524990922818384,226.0822369363854,1.5466534811290682,31.211405738815465,2815.5710623173923,Normal
50.53614644209576,115.00128965494967,2.329453533929196,4.715374208542002,315.8654345393805,5.60251414439809,215.0468838831137,1.3970425293939863,37.27694508638034,3067.2117511519336,Normal
57.661901912938106,124.2053670590407,3.4240545520527763,4.378012461206199,318.4973395807093,4.241188042572435,220.07143605941994,1.7732833211518426,39.838934511779165,3109.385542396613,Normal
49.5841411403269,133.77335029528342,1.4040106718600596,3.004435848945189,315.4530737893471,4.5112866850025,223.02756825562082,1.5193222567295825,36.71283708381162,2877.8395768510213,Normal
54.563888688637526,119.91621792311376,6.220550603931232,9.41626515357844,293.6614766525358,8.410866630270768,194.76827535826152,3.1280120192031027,49.03458962996694,2962.5798880690886,Abnormal
46.94499437955186,127.96340019748833,2.49918914151831,3.8759823194196668,311.99115175306605,4.187074902197726,217.85481375953668,0.9885642282629656,34.256137378016334,2928.004778077691,Normal
47.4200950532546,124.16873062590041,2.8293159763952547,4.162536153249629,317.9633215235958,4.9604495406642926,218.52471905097178,1.361143114285686,35.93846671030054,3086.065066485285,Normal
56.98922153515749,131.91173044940095,2.2292634967464156,3.928595603910917,315.36814243934214,5.354398222447178,224.69484734352397,1.480836650150596,31.23793204271445,2850.159543563161,Normal
51.363167571597074,123.42225579424345,1.9506603132828075,4.03119872762249,315.0497948557743,3.579018673994285,225.5249860090221,1.3867406554320525,38.772839337729955,2919.9821331336148,Normal
41.78699613692657,98.12794515237421,4.90485187692268,6.533824111874223,286.7599786764033,8.500947724514285,208.288206302036,3.453721324233595,41.45386800398702,2797.924504002618,Abnormal
49.55398351154166,136.1029298048287,2.030217416373021,2.7341932700503397,314.9445479514403,4.777221614650401,214.95783489734427,1.0410753134987725,39.61219019205287,3212.116558591017,Normal
37.562716206469354,115.41776970743499,3.3320960273919495,3.6667562095554933,306.0751021277868,4.273792537896505,214.39551513115921,0.9885672767315867,38.15764193220424,2723.5594640628487,Normal
51.23635726054378,128.8657949275765,1.774386850549421,3.35301211818345,319.70543350713274,4.926313376181632,216.91357146560557,1.8606747010083513,38.619607170362904,3040.357903952356,Normal
45.49919886063169,115.86551296528205,2.643193371977695,3.867983619596758,317.5116574258788,3.276180735912531,212.5286823546688,1.5542613334447297,33.52536675857929,2905.9427077953387,Normal
41.15971640412801,120.19545844798182,2.473622445999617,4.457435287366218,310.55124906496775,4.3939167374076025,225.88500318395168,1.106259808965435,36.60916765654273,2749.327925280698,Normal
45.80819059999596,107.87342867376687,2.890971267725959,3.954212836483224,309.8919740432562,3.6146136098164394,218.50153252033556,1.2709604090072666,36.15036504456265,2851.336329700258,Normal
56.64897182602538,103.24419550375906,2.0967400837717194,5.174040356976267,306.5188900163037,3.4480970684764705,221.09535781268835,1.3573823273356374,32.49238923314508,2835.6193783801923,Normal
63.84186802812972,117.48448099815863,1.5372163198335613,5.0455968313038735,314.8885672408846,3.88682685518417,215.3344045565693,1.7020418388474692,34.25924501753163,2711.1033272332347,Normal
58.936199823023344,115.66009537784043,3.247785868241213,4.894904470576001,301.9919236441375,5.326551891490518,216.7427872506816,0.9399898239588175,33.72620550193357,3059.645625266442,Normal
47.68631676001831,116.92951659074899,3.0717830224643063,4.074545786203064,303.25361350972037,5.061624258933861,220.98837783477123,0.7435185595613871,36.285058741314344,3058.774306157415,Normal
50.16096903664688,118.37550871604363,4.327606415673498,7.403799746585081,266.4956094324897,8.610635575098248,229.53059695539895,2.8036005532727213,46.20098934006113,2522.496139277112,Abnormal
50.64999112900798,109.36963727146282,2.71062368934549,4.5927879618284155,314.2747777076303,3.085267659489542,224.97583832579303,1.7812102242761039,37.49048411703891,3055.9263372983737,Normal
51.100946571025666,130.32389398126398,3.461756743801727,3.332871675644605,318.62500316635817,4.431026321594038,219.351634739857,1.0390407928853884,34.145631771453814,2850.4102563047377,Normal
47.68072785247027,109.0181361622185,2.275545806343497,3.715722750083618,310.7740393475104,3.208200110166935,212.7724092612734,1.608574281219158,32.607685648789705,3161.17946853449,Normal
51.12634861007523,126.06762150206407,3.205346160210447,3.783202431735399,305.4041063566698,5.197362068479051,222.54756781964844,1.4438009070536098,39.17437390086783,2968.1633535240103,Normal
50.16386818777891,120.21222650834258,2.0327030525507643,4.054309772640473,321.1740814191879,4.855974652300941,220.15531713199465,1.4514698156502992,35.99260108521905,3112.4649942733777,Normal
53.04619415444876,116.6813513817802,2.6623907970550573,4.335957818803795,301.94244009978416,4.634584432946956,209.19348056848818,1.6447601129463556,36.98102916368804,3112.131918867969,Normal
46.83962518264346,109.63570252536053,6.423953845541167,8.69652357794951,289.5624095116016,8.20897944609434,221.10911144734433,2.4494385893164776,48.38462128661488,3033.892613884189,Abnormal
54.87600270842383,123.69263777649904,1.7470837973346898,3.9650628368711867,305.2806768300005,4.764831122253771,215.9532665760256,1.192282981507618,28.805404166949074,3183.2707027465053,Normal
48.00114744278471,121.57145783702535,2.4988809417629096,3.2527962469276503,299.92748070841446,3.6957478992022117,216.38415780585302,1.6099818741041414,32.61284700943816,3261.9735947391932,Normal
55.135755179465754,128.0835954966571,2.440170548763425,5.059996515004339,308.255954951031,4.474990868676604,220.84987269874634,1.7105469121630033,36.91072423700896,2928.7312082333096,Normal
45.73605024459237,114.59854435728127,5.715236583891233,6.527978650212552,266.1921789548232,7.689025855987633,216.23525798825858,4.763791792493846,44.01021018829669,2593.3571867923565,Abnormal
48.052982192373115,133.558053394315,2.4825292497706837,3.3648714084394142,314.46956226337454,4.176289183967243,213.87806363321022,1.2321680078171549,40.20212586326786,3057.6313832474193,Normal
50.538800277262716,117.50106264187954,2.6460744210593994,4.196165162201746,312.3373506256586,4.5918760722222025,224.34399169152775,1.5069313038002192,32.06618349334208,2908.13656636487,Normal
40.10490653255144,140.26817116042392,2.9313772959763433,3.418950653409534,307.7452412048232,3.990498820634853,227.7127360568706,1.0740368507187212,35.343428176456335,2983.720823615273,Normal
54.134193153545574,118.95990772275304,1.6208955616722824,3.8242175157502913,302.2227022564534,4.563663637245249,227.17088518260164,0.9781724267303166,32.59933179380029,2917.096056932475,Normal
48.09184452293394,127.40125664105244,2.413227791219306,4.291061908004312,304.9938156501458,4.68393947633435,223.88898815438858,1.2803101350788735,37.344074359419544,3007.855915309135,Normal
58.363681923858024,101.9787014988454,5.3812446551620985,6.951272521985764,288.5568160693913,8.388395642338535,215.36807469224902,2.6253045616531967,57.16816804408939,2235.0842398625505,Abnormal
46.57593945130552,119.057309292351,2.706177984542974,5.103320769418965,295.13366809419915,4.093844697288231,209.36583256100369,1.5094865921730742,35.81505075350009,3238.619361325688,Normal
50.60317380446727,130.4402512944238,2.7919185407695295,3.695326262096382,298.7283140256637,4.720001838633449,212.5394899142732,1.8885621218008932,34.51381369388953,3179.2766117267124,Normal
47.598927829338,122.68850786400992,2.6046744286673444,3.9684691173923534,306.53872389282725,4.8139648147764165,215.36918368258395,1.1371694013122824,38.728480679980485,3109.075198333815,Normal
50.3294580430112,136.6514238254378,2.3661172406375774,4.925892253992286,311.40459267940656,3.680199399938888,229.24020095885425,1.7972132539872256,34.63693690697131,3109.0756889300924,Normal
47.981482830010464,128.2914903505954,1.3044607173580203,3.2861390664137846,317.8340779542957,4.300275569424865,221.0377114744437,1.0959643013653697,40.54360098710631,3178.5794465576514,Normal
48.99657390812335,115.95304143136674,3.0148021807098466,5.387729315118249,317.6300820464908,6.237442133917281,215.38824335469042,1.2541839508503627,31.433176645839954,3066.264097447422,Normal
51.40482839843496,102.72073314792021,5.809258628123299,8.478794326257598,267.1150638606974,7.104541958148327,218.2014359412306,3.1725829212989924,46.00896961820923,2954.634356912599,Abnormal
43.5524996513801,116.98420192208896,2.6643220129024043,3.598326060262917,316.2652452481054,4.044898419842105,227.0430974672296,1.4622761107512683,37.01381041011606,3111.9035929474226,Normal
46.86229998627964,99.46513451344111,2.6803778773319173,4.050601842987408,314.44660822060104,4.3187780220937295,217.84786150599643,2.10254190329451,30.582937815467666,3110.0925717546356,Normal
47.126990709083046,116.64221382259578,2.3414485837130172,3.43759600808012,314.5697936818899,5.612514876759966,222.3500683062333,1.5310145988636286,32.040678502702264,3077.5237898736677,Normal
60.781748158646494,116.19305376204908,2.312008210324067,3.607237608313302,306.08468612404465,2.3037603570620924,222.02517692927856,1.246334347093616,30.1692106436246,3112.9784924598825,Normal
44.58991107479032,116.61330946116243,3.23322119559429,3.0135489413828407,297.7392141232179,4.715444951649871,225.74743682005183,1.0276974846804112,36.22306921051153,3087.1499309942537,Normal
39.704197581538395,127.9850133790722,2.9383029399210896,3.781750098720783,320.01877089838405,5.409164459459876,220.515589628586,1.3645663829025199,32.081516322251126,2994.3654735950713,Normal
52.8487945985209,116.75823138959359,1.401249497368985,4.888099726203599,311.52178577475917,4.196300402658533,224.28579194211645,1.9573915789448268,26.594265291536324,3065.1395474883107,Normal
38.58680631351722,112.48665760198412,5.127927202374579,7.76287183172866,282.51128578258016,5.190139832271273,205.4963180874333,3.784793344597848,55.076961643376116,2407.042174881869,Abnormal
58.21648341498414,95.28191565530219,5.362449881594527,6.388127256561241,292.7325594156815,9.337816451855412,197.72985922711464,3.024065872277218,50.92481293671043,3300.395915257588,Abnormal
45.684051439165856,140.4013388599692,3.5022116518375856,3.931882194508886,307.6147797904008,3.9463478410682464,219.65898734833667,1.0779841702321327,34.771282948038206,3224.5320410776285,Normal
46.94457468761641,117.5927569601095,1.649429762866379,4.261843461691731,312.115853479611,4.550961887812616,218.91586474888928,1.4121726243682635,36.505700701102015,2995.6775097617065,Normal
51.57485935777666,122.14982817454548,3.061713643547881,4.473895868162538,311.5428947452015,5.714737624521744,222.1013426452828,1.8914888066371256,36.82082782515992,2723.7121381602688,Normal
56.524173816596644,121.35176241342668,2.474022614549611,4.196943843242704,307.24013470434346,4.681623088311156,217.04061966828453,1.882281677620311,34.65923565913685,2942.612423591635,Normal
45.37537092140363,122.68775789148641,2.5935535500625457,4.271897229574255,301.78198489995896,3.2190550409507415,223.1279565125328,1.9453925585629523,31.920939132830313,3238.4161925342546,Normal
51.4195552936819,119.9293709544917,2.301225651727111,3.0308373864025024,317.9018281273968,3.8795149108499176,216.100966621312,1.7975778929660864,29.35104965998482,2771.460328399775,Normal
49.90932878245959,122.93284429004852,2.742367323984462,3.7887410546226232,330.2429573491335,4.317685952987333,218.84606923948638,1.2609039993558369,35.37172044956321,3092.244184807016,Normal
56.0178902726673,105.10715735559782,2.3770023308221497,4.3126925275664005,314.6964602767563,4.505238926243631,222.71211984766052,1.25731083212226,39.67371629695507,3148.8942154469146,Normal
43.27536106467414,109.24896951883244,1.976539124946547,4.4745789796275695,299.72217786866025,4.235180532633535,222.27352198208388,1.4801502196360696,35.776662547138116,2840.1295932976864,Normal
52.97427186698622,113.86788107524004,2.3376901628010294,4.16641220953419,310.8246257722468,4.519184015212474,216.24686589011623,1.4101351766402423,35.006550772511105,2793.737215024937,Normal
47.68733516843311,123.87679879032846,1.8612816980773288,4.809607156115968,320.1569061007987,3.5038795392319315,226.7880981652507,1.4569255233863596,36.25554367747117,2925.502342180763,Normal
54.61522413613381,124.06094018848667,2.092923371701198,3.1843586000242983,298.3175805183262,4.650353421146205,222.86235705889868,1.6952897036338324,34.64605671617787,2826.4505316503455,Normal
46.58962600988109,131.52348638961925,2.2576857176999594,4.100392341477034,301.3947961314009,4.769266436367228,217.71157719160462,1.814013814132729,37.32067311862044,2925.644108013765,Normal
49.36667986326168,114.48883759959371,1.7902834017274951,3.3997902993169484,311.58573862176655,4.760207598583666,220.7427395179632,1.4094800838124093,37.79919981716296,3009.5312856841406,Normal
55.62603062476758,78.39337301696222,1.0775997483816577,7.340545633405696,268.6285151941777,7.681322445930416,206.97902958975394,4.611180421690876,51.999982764718034,2741.464756699668,Abnormal
54.18495577316837,123.68497586839038,2.2711615035057835,4.750033151178192,301.1219989768938,4.7585977500268495,212.26215102931843,1.5611831572547985,35.57896892531879,3251.4682442871995,Normal
42.1751305327911,113.99112824146188,2.9113412132870717,4.234722079478115,311.44244041070004,3.7350914376331685,217.04590825954284,1.873512302466977,34.84547241873822,3056.303954421671,Normal
49.424058356117605,108.16914484750235,2.9669052130374984,4.352262669172747,328.4450946989375,3.6875348962795638,224.1128646060024,1.1065368101888997,35.472039703019234,3146.4759883594747,Normal
39.639324419517564,117.95067525758392,2.21839513297869,3.5086298911934146,313.08170121807484,5.396548565138076,219.33360642385423,1.561645928268006,35.342926259177744,3000.2705259534623,Normal
44.55328681143947,131.0844460172289,2.647597684079418,4.276417043001804,303.54792296779533,4.1326236816086075,219.1193290114461,1.0397625919653446,29.935897024406966,2909.8878104042146,Normal
52.61260383221195,113.46862610070059,1.9905974012046432,3.429720042733631,306.3572606148375,4.216912829743917,230.8276072610328,1.8163861885461956,38.074322336845185,3175.287054641007,Normal
42.009433045327604,86.66453077519141,3.8931297084659433,8.601407360005405,281.7921231667626,6.12296572664107,205.69003799780188,3.332976127799761,51.342066368472814,2762.737755178011,Abnormal
43.37455548901193,115.28484588770567,4.360806466249842,6.812468395953949,300.3016110575503,7.037267894083488,204.30648576418864,3.9141676347851915,45.7113341169749,2603.8019940989825,Abnormal
52.77871089021446,140.54092441435975,2.802702252381373,4.330847834093008,314.2464126693818,3.6414477807463603,220.57798369339955,1.4910700534990795,35.96475362111827,3017.4762078713807,Normal
51.89849838708556,116.88532805100799,2.529304458685896,3.1405200037601055,307.4407417759767,5.6126668385413145,221.59404169814127,1.4937236887850769,40.688369828763044,2795.874753254838,Normal
44.4527222227689,137.12711411276274,2.5229804680244667,3.830191874597144,300.40636539923486,4.85815701311601,222.72229934763732,1.1716516917495312,34.57917324334871,2949.67262519504,Normal
51.27988573209385,108.80749757779355,3.1259737272565786,4.641076647118323,307.0945955301375,4.326865030689303,219.31788924861192,1.266507434098049,33.66971174529489,2959.4594448488087,Normal
62.90294696565702,119.19927462495656,5.934654707336623,7.443910735605268,273.2400948660315,7.937763343133931,219.7048845961338,2.6192147594428983,53.182766034366324,3280.6523063156915,Abnormal
55.309083229948655,134.14029135561987,2.6091693752210805,4.677552364135493,304.2571742851677,5.136691049872981,223.27194067030382,1.5869733522112988,38.94802225915549,2919.1822743228918,Normal
49.06471241763169,120.95462041358297,1.9851945144552996,4.158852360660173,296.24855669636923,5.3375636275425675,220.23318683282983,1.343732128828871,32.496879163114635,2964.813145557122,Normal
53.44129855386207,125.4773897873756,2.1472310263607697,3.407772229160656,315.25518965055716,3.9221220763079763,220.29954887039753,1.5371263927572831,35.936186395180215,3128.7405645272806,Normal
43.68518531566339,100.88840674739512,2.2162763593858243,5.26106988548253,326.177392800699,5.96494170845271,219.03509316119656,0.9653654754045514,27.970882695044477,2907.894275767588,Normal
49.009631849253196,133.0062540105596,2.933902729771223,4.159183555294135,302.8812418324709,3.731376353404088,221.27063843535717,1.709115293651918,36.17564378673676,2844.810306059002,Normal
53.253338143960434,124.25910967101412,1.9646667969049108,3.450975320789821,315.50796779649255,4.312393971883287,227.94573650818228,1.650338782819373,33.54010643543219,2998.46915994136,Normal
50.31691696318859,112.7160968675829,2.0437059009111866,4.490972925666649,316.7621863763368,4.983025175642367,227.576590471619,1.3374680291965195,40.02281229821339,2864.8618322168772,Normal
41.89851549305206,78.60061676776124,4.554204686173183,6.3955331958046555,297.8890592038198,8.365836412430676,198.07026628980864,3.2250916331019277,48.14268989456157,2256.004438259527,Abnormal
42.15242618389304,93.43779554078866,6.433625019820946,7.229740859148823,299.9325313092125,5.752046754276182,221.9421448301399,4.410771444116865,40.00827516427687,2523.670819021038,Abnormal
52.47882786507755,126.44388453538183,2.1607526347563892,3.786150375862443,305.2209515116389,4.588334437556895,225.98589265730956,1.2686873528576386,38.00246149330524,2882.7491891479667,Normal
45.76186393751558,128.18594618343212,2.9609681890038084,4.595986955733858,299.4736207342549,4.12723921754236,224.1149429600166,1.5124625521691684,31.778921461407606,3068.7476908688163,Normal
46.42596370504265,137.94524848392211,3.272420731209129,4.422868198448897,320.88805363815817,4.551833080098705,223.82718747187508,1.9433160885906224,35.736496045382935,2961.7219242728574,Normal
41.47689020911442,119.16866474278505,2.9117115922811556,4.661943399297341,314.0349205257473,4.066960724030208,210.11589215526206,1.3514354705985794,34.086965386838145,2953.060654921498,Normal
53.092781784889624,139.8567641101484,2.5617646009205464,3.8482877475904766,307.9262254959673,4.599507813526172,215.858531198258,1.5360595676238165,36.3524370089954,3031.452909536173,Normal
52.28770967002391,124.33747609348535,1.6140516588767782,4.445809110876782,304.63188123470036,3.623328669596834,214.47774086072502,1.6300624831417587,34.33227521832544,2747.704682402188,Normal
52.390189075961416,105.60391869201173,2.5699106792591055,4.166949247971138,317.0846166535604,5.925347829173481,213.1766183704973,1.4842578431810851,34.17099411486735,3065.0624528941444,Normal
51.07834385466809,116.4745375726338,2.2795489056945724,3.2184844013711666,317.9028926592521,4.867363345279624,224.58884098897568,1.4068811590573458,33.02949359391671,2838.252740005616,Normal
51.7945879187033,109.60206775471765,3.424331534483275,3.0846501932345918,312.1892809537,5.753483765771029,222.99544879631904,1.5527021137475339,32.094549059114314,2792.7346217148443,Normal
53.85025054458793,135.06147240774948,2.280575004760914,3.202656944668554,290.33464455560784,3.71538812506997,219.4317157875048,1.9797369722510203,37.019401076698905,3045.762810706013,Normal
46.79904270959095,96.25251424116065,6.405647597507963,7.240886248910067,258.4609896211847,6.989690528154136,201.41783968228373,3.1176151935757748,52.81455330142543,2673.1387795514374,Abnormal
49.38507674397071,124.70209741987856,4.3035389102133115,9.237039431064819,279.9303861294337,8.133797294918857,207.18796404597234,3.5863933934506727,52.22295997536565,2808.458810022219,Abnormal
46.2344133468971,108.77085322552429,3.7515858954528554,3.661210962279613,315.5936995093759,3.2138869515814426,218.6019364004766,1.4618401848052671,36.4184452097835,2591.631878851209,Normal
51.329124904626646,87.75387816948161,5.3243457111949235,5.756404963794204,277.16775956111627,7.5895585844100975,199.47670530396806,3.1671258872852515,44.033121157283425,2241.7073870753184,Abnormal
55.0897852621468,107.03951307176072,2.4106595561960082,4.527023757045649,305.08044717987167,3.8398672802035696,221.13119044333712,1.8353801468181457,31.492054204740594,2977.477825197384,Normal
36.14004324026138,99.10198494476715,5.034204684538075,5.974450429893921,283.1451224926215,5.887659847538825,210.77078611381495,4.238985974218204,44.51428065114768,2544.3320583619043,Abnormal
54.02036997163346,123.18136078984105,3.5068101877910687,6.797458315100861,294.2469623347929,7.846915414056728,185.23207933122913,3.8507630065161402,57.59668175545322,2729.165437792376,Abnormal
44.84446973352868,114.86872753635717,3.3849565338277965,4.636973778602391,315.1202129470746,4.7851300668275005,216.69431443904514,1.4398286458032694,34.766231792964454,3082.436147409667,Normal
57.54459447133452,131.18338136793128,1.7903078221019797,4.156796478230734,315.89410676134315,4.995088264115708,216.8538311830629,2.3742327647305084,31.168746313006643,2837.5217330000924,Normal
51.16797540630788,141.16803054963853,2.0819025746479145,3.8139201440471053,318.61834938412557,4.485710276089813,218.3269807273485,1.6696898705660161,35.81755397068878,3154.5658178455187,Normal
56.45734444532682,123.07003060005361,2.6458663626891545,4.149877687600293,313.9130444531943,4.544136510297172,219.99695758838854,1.8589881362481726,39.54834854106513,2773.867058304987,Normal
50.05010575870285,113.11305566554765,2.344514266756964,4.281761346814725,315.35550697233975,4.410298845110924,210.433298326386,1.210486325827146,37.6894990106005,2588.9360366947603,Normal
55.93713575841,125.21229990644541,3.158088040765011,3.8610015691833275,293.50875660781674,4.844290113205198,226.37326562019172,1.7774165416540262,33.011925549535896,3013.014161319397,Normal
47.33581865610038,111.80733535810629,2.9776942855899255,3.1617273821143863,302.8494685553471,3.616779493222092,212.54876238350477,1.543924287552781,38.48450914544593,2972.26848656321,Normal
37.95401759548667,117.59916809613041,6.685701754034971,6.2245092110240865,282.8216859992342,8.773490945125092,226.2187374778505,3.1361160979923417,43.337751095008976,2857.8546515681014,Abnormal
56.392544585138396,105.09197175652841,4.441866740342549,8.193254477190456,297.92054006821945,6.84734672464476,210.49094731305672,2.5538047275827473,53.4294522821896,2634.441607654286,Abnormal
47.821445838076315,119.67125514847565,2.520153849665124,4.6264510430958925,314.7287242506018,4.374872576965758,223.81834074859498,1.6202211761074838,33.72020109114189,2981.292276264527,Normal
49.258885555784396,125.05261343174202,2.316488692639179,3.7267135695048568,325.7500584754717,5.251788385397683,216.1969966778743,1.6712822981826596,35.35505019696553,3058.732676289014,Normal
50.686706622825525,131.89642645485236,2.6728101723257227,3.956537911249999,318.33752461586414,4.686628032870297,220.60739289664528,1.5942067807458344,34.7191729299009,3001.3840489493205,Normal
47.06652705619064,112.48832780376121,2.00071480675878,3.025611699242047,302.96226110892354,4.360586372426459,220.5155879122282,1.4186110310557078,27.932889529617924,3236.1879536643514,Normal
58.69184098312306,111.68639776825692,6.907490672553268,5.827163059019547,318.31437680939007,6.552178884874178,212.38737925291358,2.608313872406057,50.073470477721834,2796.541624499597,Abnormal
49.22654834432723,127.13877444090137,2.549507224743629,3.6343096901357437,305.46549345758126,5.148731018092557,216.73128985096517,1.774620891145481,38.66813537849579,2749.6929206480804,Normal
55.664631936505174,140.604226984447,2.626001880600964,4.419358929706376,318.2960425949533,4.279614147856782,220.91140111768934,1.1057401411130672,35.415905085591355,3074.716799346681,Normal
52.580815114632344,130.65424723597582,2.1125989109322356,3.6271752703285527,325.16405876793084,4.379737300989032,221.00016893656164,1.4798969874824337,32.534957521084934,3243.5293816337708,Normal
47.36149294039697,108.7271447629307,2.274629861348624,2.5988057987921267,304.7897002801345,3.7254971217181385,223.08714315463664,1.2979757281320383,37.66341180673655,3209.772598960398,Normal
53.905876681437995,117.84611711139924,2.5705572483527965,2.932510541899158,308.9297650198301,3.8116492255465335,223.4716319057465,2.271825716773342,36.49946490792143,2701.3289776568,Normal
47.110158456685014,106.83736388061682,5.087357425260263,6.123024249269497,293.67937613955405,6.136248744620919,200.55091277314932,3.952058349122598,44.92168384560087,2834.5529013730643,Abnormal
43.15268112671971,137.64825883791735,2.1128650387979726,3.843433399737589,312.64490608872325,4.047720037999125,220.71702980535653,1.6726070173560377,37.88183969751046,3118.7246153959436,Normal
49.14094768098663,118.53368225956397,3.6745542790125163,4.664922347774504,302.6254107494383,4.579990531012442,218.32428430610904,1.4593997298230672,31.311514526875737,2938.211514842107,Normal
59.05777886596957,125.79076300875504,1.25441929592427,4.8517064447485625,318.7170361832733,4.212571756554866,223.58631771891606,1.2421802367548398,33.589232851200926,3224.7819541004783,Normal
47.826159681042334,76.95402507067513,4.936696777218663,6.905693928502772,307.9755285406019,8.02150463326364,205.78417688559708,4.231539301661844,50.60395116250555,2512.4943296085708,Abnormal
59.23998048433294,107.90492646775199,5.002925966679438,7.213490069693985,273.93997442875104,7.208519335732494,210.03582601832784,3.363735413482724,56.362141914082976,2754.3514631817507,Abnormal
54.274519613182015,120.0939535457585,3.0281442418730613,4.278269429601208,310.10736388310767,4.489373528832784,215.22780686854517,1.6520747160408933,34.879385796390864,2924.7012059728195,Normal
55.53230885406036,107.49783974105199,2.288752052283783,4.719403124145673,312.524183527362,4.461712857877794,221.25501771575074,1.5538242513146523,30.450012361142235,2947.6107171978056,Normal
58.08260827256875,113.40675865222832,2.340849492947833,3.620865465683569,309.3038782134549,4.033501734940561,222.4337075107903,1.55919402368708,37.32064284532105,2842.3588250716557,Normal
48.29829758558548,117.74277368387865,2.7278234550442972,3.444745161955076,317.3252304340667,5.449132472414087,215.05563826182208,1.3527381315319302,33.404205475123725,3394.857930701625,Normal
46.560799158336906,130.164381632342,3.73336800489339,5.8124188406027635,279.700932022277,6.731466032830216,207.32101265841501,3.0038552580949514,45.90329203632713,2989.6179991183317,Abnormal
56.118968112565824,129.49296498375315,2.761999477792164,4.0649201460456865,306.0237544746727,3.7374739961959262,221.81497851716344,1.1479108822359607,32.01823721247382,3172.9369884307216,Normal
59.50324520861044,123.93295138166481,3.053228576147322,3.827906177789212,299.29860651129854,4.9897372948948675,222.8464466163503,1.5215005661640733,34.27287362568467,3144.3315867871647,Normal
45.071334832862625,112.26219421109343,1.995946746619786,4.059481073845079,301.29685590312596,3.952606255587805,216.471222188864,1.4218175002998126,30.53787666078807,3013.0807488055902,Normal
56.23651825332339,121.35491372316761,3.2706605724006605,4.933798730113848,316.2218803779828,4.559748674109509,220.1125019412272,1.729139931708978,33.8249881714879,2717.6218872798804,Normal
52.460020270514796,108.68931370065029,2.0189293859048076,4.000156763597052,309.23900097957227,3.3703395149474957,220.8274578206657,1.7898418982583144,31.61497528920265,3190.872499627314,Normal
42.19914587435028,141.17324144370954,2.2943697847582585,4.101931897778824,294.8637314201146,4.450291146824553,221.14241088859094,1.4741513687701517,33.31075676884288,2858.015322220828,Normal
55.652633097686554,120.3080713499795,3.2703761882583864,3.631462351643554,306.52164245302225,5.15247539567693,211.88512518998218,1.1359609919541231,38.29245491405949,2824.2099106165206,Normal
40.90474492348726,138.6852718807309,1.8030911760628974,4.1288835788297185,310.5526815417942,2.251497346705533,218.66341488416094,1.6345239748437328,36.06292814455658,3135.5281025705253,Normal
48.06254342547283,127.12504442092161,2.155335465959964,3.0126728085110575,299.61817299455015,3.3303116358436684,225.04792983945597,1.045627947282433,35.82211652194791,2960.111370889135,Normal
49.486757132746845,133.636072951997,2.2807863163923634,4.428121093084778,310.3005068110489,4.3783848754938415,231.49984562193237,1.067597476285389,38.867395506312334,3098.460984823496,Normal
47.60237502684108,136.29318517441612,1.5759449438057316,3.63476333989065,300.3321423658474,4.829666771897168,214.4346794940641,1.6299191840223957,34.44069075253534,2928.0969086015875,Normal
51.943236230166555,117.31378376061936,1.9556825784704808,5.960961092744485,306.10266253576685,2.725912735878388,215.78950655139306,1.119816993488181,37.47843684812155,3048.2478989387378,Normal
51.99356400895172,116.29977534162755,2.360324876471539,3.740348227474632,309.3504545269162,5.1682667482918685,221.68037706252673,1.65003384888626,36.49867672474761,3132.6663656072606,Normal
51.44075020770127,123.58848072678919,3.0944031205965783,3.5344678573978214,303.1540593603879,3.551262720650515,220.91457281810128,0.943880327634263,36.38646228817903,2983.6210358249173,Normal
55.67319849910528,113.28082689535009,2.3983408572912466,4.785542333305358,321.0650851742252,3.955878107398544,220.9089061629358,1.5883256933052143,36.120960216863445,2960.6136511026566,Normal
56.40691699061817,101.10296516378455,2.289434882599458,4.313551512941062,313.65779849559476,5.58220722449181,225.99112696600645,1.4143375124078328,38.89961373059182,2892.8937384333817,Normal
54.65443691395919,138.10522478420992,3.1074720534274847,4.074039268466886,307.345769825823,3.277126962992571,221.55269818957103,1.1654348316087242,32.62059600915819,2821.3881298894994,Normal
46.31686133874676,104.58045878269526,5.273614581165705,6.279392037503244,306.0392555959277,7.687692113015051,202.1227756673448,3.6584045870704056,59.817764167719076,2783.7901416337795,Abnormal
48.18572186313197,104.72538643881296,2.390293839513965,4.164449687561681,306.89935286995546,3.1676922894072,215.74717305248282,1.9363615382663273,39.30200301119138,2867.0041246193105,Normal
53.36378393599711,108.21427215229826,3.202158140997476,4.171665093525966,317.5971319889323,3.1279253222539687,223.38818550962444,1.497697780894649,37.55578721237253,3137.2301697146777,Normal
50.32892344737375,113.99170360904085,2.889848091089747,3.9578918504164107,303.01772037177886,3.763878214833851,212.6141779184381,1.346912652131081,38.308076138223136,3026.6744699558153,Normal
47.351161470384795,128.0485593818008,2.0837616891383055,4.066745192032945,308.5629570181959,5.123304500470682,212.1138581454025,1.2449406762556032,30.085263022716397,2961.0604917286096,Normal
56.05713751816215,114.94552790346472,2.2446580309021744,4.610207096928895,318.5483964676424,4.429143146184968,223.42357427024947,1.176913637736616,39.13392300177624,3322.3059440905577,Normal
52.60607895594362,99.15668378657199,2.220884868801108,4.428977725168525,306.6281360226691,5.517758843400078,222.94078632217932,1.288057349770261,35.09679443231376,2865.9250169041366,Normal
49.08707560793779,114.45406759567449,3.087380900116519,5.481208439781696,298.550493334114,2.961426971032198,218.77413789074308,1.0444752903513952,35.13863481101275,3112.340417070889,Normal
57.47070948633412,122.0139455871528,2.4034223875752105,2.615130558398841,310.2094811934864,4.5570298084395695,223.19478407106374,1.2874535695412725,33.694842199292424,2778.2996617043723,Normal
38.54353596557967,108.91502909203217,1.7148370928734917,4.235698606794428,305.8549275466651,4.069410295940169,215.07793476912394,0.53023037024627,39.52493224624265,2849.959421583482,Normal
46.70063944120074,83.17661752066034,5.971930343440634,7.172114724444789,277.60452072101197,7.411655582983964,226.7817992212487,3.448921397683105,49.09133231192047,2464.6546284651836,Abnormal
40.52709424763849,118.39961326420655,2.662742556162309,4.769709125029369,292.01202772400273,3.5999229383815767,217.09629454721775,1.4989557454280396,34.56489892541473,2981.7466971469094,Normal
52.04048029284972,110.96706889220891,2.967070721116847,4.303416709189636,307.44134188697535,5.780726393511133,227.78208017785883,1.7798686065581426,25.944329688296623,3236.841763907696,Normal
53.973792612359674,140.06408637712937,3.1187322958667694,5.1048398742481,317.02923880144306,5.57895455891641,229.9706187036722,1.5649664215134618,30.28330836776561,2953.8808649977286,Normal
51.94972799691718,120.74887584371558,1.8767190169202868,2.8582526623635145,304.0706986509214,5.14619164478732,227.90169885411484,1.7749702841333104,38.172281861342405,2987.8776640254664,Normal
41.289587711470176,115.44779419117295,2.3706177940638105,3.6520632592150224,310.437558922997,4.85313580791436,224.26507594121748,1.4165640406901,29.28872178306622,2927.56834210633,Normal
50.218551984959916,132.22807922133407,2.216096078907947,4.358780539879581,312.32070319708345,4.535120426498711,224.65266659662296,1.3017476409742257,33.27444065106945,2998.2148765358656,Normal
46.799267474531504,125.080122910546,2.1434038478169337,4.158412945421594,309.19861784970595,4.671940771821364,217.70129302468482,1.3982735116419518,35.28802780399115,3030.311175924197,Normal
49.96638467687075,130.58043534769627,4.009263081258716,6.9229554460567435,266.39556466824524,8.55812221800108,198.84753463623187,3.3051828208863965,48.13967837334337,2770.2227816502927,Abnormal
45.57767265963856,96.07041453459027,6.435856464085898,7.341480148569431,281.58423721966597,7.623749492283154,226.45354952270745,3.335384585224232,46.55361688423806,2528.7509624684017,Abnormal
47.254367595052116,114.05502277573278,1.8601760758253785,3.2130599321371154,303.365437005109,4.973256814762478,218.09381356363562,1.4378514932717879,38.81026407576469,3194.251072490763,Normal
48.58937528431132,113.69136489316591,2.0677848431632313,4.484943038795766,308.3623421318217,4.190804087741768,215.93167712431224,1.2691000772965835,35.96017457447974,2802.6842601169105,Normal
54.97434346893969,114.66155356185081,2.425182027874104,3.064115429301612,309.9010724940611,4.237343245847552,219.74959700571767,1.9415126695085672,35.53309413737072,2880.8011223781295,Normal
46.44340044726716,125.95131185913769,3.149346645496712,4.197342614525735,315.50970195643816,4.987790178669364,227.09532206678762,0.9151229481821902,37.001656817913585,3147.5604065855346,Normal
43.30638146932213,111.14331815993584,2.074608625685923,3.4898468625358317,306.14626359251577,4.694082250443953,224.32837325583685,1.824395087330561,32.48653081649665,2873.294550194553,Normal
60.52657472012979,114.70115903127967,5.082864841868997,7.568004010665961,289.5529432722284,8.786877024571423,206.63933303494258,3.6881634541074617,42.44726974815252,2528.0539262936422,Abnormal
46.614944116048285,116.25609966793085,2.036743372610126,3.626519461923843,297.88468750081506,4.93896038111592,219.58743240544302,0.988437717667195,32.49551026835998,3050.490214134325,Normal
45.65582442891368,94.54587809792855,4.925407322991924,7.41231704221386,268.4547131444126,8.82519272182682,201.99706718392622,3.487450422225141,49.82289929654245,2568.2334704400564,Abnormal
44.88170126934643,117.14313451907736,3.3126651545375974,3.0468274786754583,323.538504152839,4.292223063138774,220.1768570854432,1.1739867565845818,32.686191749967556,2924.5635524942973,Normal
44.77152514561044,117.91082042629128,2.2964920540966145,5.295546799705013,300.6722065145563,4.58215241339887,221.23923140950913,1.1789038354044488,37.06048248635852,2940.250948067756,Normal
37.53805174208466,126.59849612104566,1.941529557948818,3.2665575377026306,315.5032166631392,4.22227081406524,224.5888607527575,1.8630498286095956,33.06521461903311,3118.9893743932544,Normal
43.95631358885694,138.49673875698267,4.307042995468785,8.231304929152005,302.65685038822363,8.4741317331634,203.29456838583317,3.3940217556410137,39.232059435277236,2756.1050095955625,Abnormal
51.74807665514193,121.33499419061371,1.0133469143537213,3.1140544884371324,304.0152721372107,4.733327146551237,221.44669452821492,1.4489328624086462,36.90573660981187,2846.063643704565,Normal
54.881880045551966,112.12113157259836,5.37755473283791,6.781551482697213,317.4611573724689,8.739793532734819,200.3166413674644,3.673813833015189,53.762416885371096,2552.9728502689227,Abnormal
55.4463612346555,123.8203370571601,1.3287608311673265,4.209770384136548,306.7517667646983,4.929743851633389,224.72107420125906,1.5585486141425453,39.99575670183409,2973.1939673154757,Normal
53.12408911526938,128.04942573637348,2.4513270155536335,4.545142015584448,305.24261610270264,4.161945264783025,213.43755654831844,1.572422734911014,35.97575502756303,3176.8894737868845,Normal
56.329120034847065,100.7280666502885,3.8218203126657233,7.519420483023969,306.66129758621963,9.132777460705915,220.8447752485729,3.35167732816123,47.666905159121775,2515.7746619420504,Abnormal
49.720517666932025,119.21409204031181,2.603338814269558,3.9094917800751445,308.93097816218585,3.878644757622285,224.70809506775745,1.5229554186731133,34.47666819714415,2887.8856120126193,Normal
43.34043444804457,133.07964192549343,2.7773193540659036,2.863257510201023,316.1051384056773,5.237984936186487,220.62188061150465,1.9794332687255276,35.65015892636865,2787.4764708076214,Normal
51.825845005241604,122.44897301712729,2.1983515756109226,4.401491185814198,296.6586778704731,5.292453461954231,215.60939148197275,1.2045161624648903,34.65852568307757,3064.9459392065455,Normal
51.31139250874744,93.86011251341432,4.493910708808111,5.640349183147046,286.629801475552,9.612531821766364,209.95737062356125,4.101589978331617,57.27700668863096,2552.9953702407583,Abnormal
48.507413975557085,137.56789291593742,6.444343411979945,4.9931145690251775,295.8072247409136,8.000839988509544,218.26453110858762,2.9785148627604614,45.80195813979664,2530.9823211765975,Abnormal
47.140357269007836,128.15324166809015,1.90939941342556,3.5641702700284768,295.6879008759885,5.305694258729899,226.3551504971557,1.401877970740864,34.10615190556033,3067.9832853424346,Normal
57.37241003689128,124.08610747563917,2.151229028762443,2.866824199609492,301.0789898986921,4.558575560249972,216.72336238399603,1.5584903117972275,33.3412279512913,2841.2780353058383,Normal
40.583746948375435,128.43531764059844,5.888987749183643,9.07662154219355,298.09926351132657,7.355012887077741,223.2334092248994,3.4768523990467624,51.10420885145176,2689.2939052311203,Abnormal
35.265478903579925,136.04735012294853,2.7455019729788765,4.230876142607957,309.5057915018355,4.6307422563089045,217.01360532076876,1.6849738056921812,31.078704966802604,3027.910264870582,Normal
52.807867352855524,118.01330866177096,2.685433896235512,3.306065925436025,302.2733858328323,4.689373696821114,223.39274827310527,0.9375403033494868,36.5660619053323,2918.5197749435492,Normal
48.4575513015407,84.90723114652444,4.148382759813292,8.159350390636373,290.4929506097032,7.425832397435662,208.83511647368965,3.842448277265011,52.20247248081669,2681.2432499007996,Abnormal
55.464795554483345,129.70462636906666,2.706686014565198,4.03822824803705,315.25856876095634,4.7514139374409465,225.30400035902974,1.7698684130214923,31.945238295746815,2837.105524388744,Normal
46.49375227797962,129.7613869006692,1.7118455016143772,4.276330172375595,312.9003447287437,5.4301184469489545,220.90169345331944,1.0970371828248298,32.12193511805563,2822.7006717153263,Normal
47.3102801683343,118.17098432576073,1.9172792368894715,5.029463393456602,299.39774902438046,5.576882739089984,225.9258151571967,1.7694907649067106,32.91870017750975,3051.367631876535,Normal
39.781030931595055,118.66360552550624,4.926015218463731,6.508815742495978,271.643827300156,4.283740822056474,199.61459142964245,4.2789587369290345,47.98583285762598,2657.667785721238,Abnormal
55.24443486630762,132.085033171744,6.325004654945639,5.833197995420575,260.8614414284389,11.539421388650155,232.68991611659453,3.631917517500498,43.64755877209089,2940.806633473485,Abnormal
49.13613051189912,103.30528315340084,5.894458843105129,7.401249696247958,272.2127763347758,7.512887097377039,216.61152928661346,3.857176555683513,51.31008287179238,2933.355738618966,Abnormal
48.19141506091368,121.78669775219072,0.8122104499112,3.68524486431003,316.11122326860516,4.187684426306286,217.66886304141445,1.1875641144675544,38.010097678187435,3082.2694910310856,Normal
56.60331678258468,79.10679057063166,4.839549956734366,6.663866790699992,285.7914244010217,7.075958684423066,206.53895728219985,4.094751347894656,40.43574323326085,3144.3236920076133,Abnormal
53.87072900021169,104.36502156509681,5.906834146372926,5.257798305797878,280.0294864227348,7.818386851414169,223.65560370432178,3.4674523932114094,52.25027335592573,2552.605251015968,Abnormal
52.43421034483745,136.77239592974456,2.997763345837057,3.9429808085554843,315.4039267781238,4.962013563685769,222.53293835848638,1.8335860082581226,38.313433111512396,2980.9262104687673,Normal
55.13503249182215,99.2535761826031,4.076927603684423,6.676607493155216,288.85582772390626,5.507628516233012,218.60332559416722,1.5628722041783216,63.57408469743161,3075.46978344908,Abnormal
48.69495637913843,120.09426360563774,2.6514859367936414,3.5875877284077404,311.5409531806955,4.384800017838671,219.52863641384516,1.5544383190441915,31.059416604938015,3005.935458620047,Normal
50.817238733087386,121.28849621355914,2.392084622281923,4.7965004431785605,307.1707795609476,4.681860725458552,226.48648766962773,1.4761871579939063,35.64338980240265,2985.5423045527655,Normal
56.186848967817994,117.42275438413705,3.141677288644103,3.927488473747055,303.12432221241585,5.043498536459297,218.47666083122172,1.6861502697297488,26.8117868452288,3000.780789284242,Normal
47.701973506212596,109.36741313468721,2.2233794990801004,3.5984077989951437,309.61611364119534,3.4061388309720355,221.58136890129856,1.9098644355617365,35.84278549084348,3121.3482913843513,Normal
55.472812273068975,132.36489512184176,3.4350693464106525,3.650558601206849,304.2521281187111,5.126772518659788,223.541331098287,1.7327025898847068,40.667847362750756,3001.705486319774,Normal
52.130782798230925,110.19611748516525,3.567660561987979,3.7644185551536222,307.5342725747134,4.222600087193406,216.7755207067783,1.2811688853457053,33.42888715133142,2795.1306107923583,Normal
46.073410398683805,139.4896311144762,2.8678275718206843,4.648132923709403,319.4176702993353,5.967307651489913,211.14288724278077,1.1310350654140378,32.588829017315945,2929.5405305265604,Normal
48.49715304707375,115.53022447193959,2.609654456566027,4.024706773521651,304.217321638574,2.7595609784099437,215.0356564731065,1.3352284040062274,34.25876168957684,2830.5498811034195,Normal
47.5459676675179,108.69012611514414,2.4370903242258333,3.248836070146169,303.2087627490363,3.4530526952086884,219.23249652215108,1.2400656690142804,37.72035280002629,3060.877540003935,Normal
49.650740659081784,112.02514502656211,2.6902601526581513,4.483490622544046,311.14150729761303,5.782961484373544,222.2981865903741,1.7740821652704102,35.400696246607936,3101.3496679885466,Normal
46.01609383665412,115.41601636787206,2.6746817767411897,4.239469637090167,314.060894583546,5.380314313822984,212.87514414092294,1.2076642357169112,35.68871792322276,2891.345455229481,Normal
77.02214593031489,112.73579428755204,4.9216691510698425,6.3814368722993695,282.79756575210433,8.045210991972766,211.11981932621256,3.180310598714541,48.63423876740049,3036.071143808649,Abnormal
56.92252481325517,122.52033979934878,1.8293701363816313,4.376952209647331,322.43425953288823,5.595824881569903,223.67212926404832,1.9267268865857465,35.160152817437066,3094.2154454750557,Normal
46.5961221683741,122.92265456155712,3.164767121985262,3.5874036119591763,303.1084525642857,4.577991151218957,218.86668898138,1.6947443163211262,33.640221422158874,3257.765942340407,Normal
39.68259121631155,123.80602179329603,4.235150771691897,4.844820718499172,293.568127345233,7.618088020979175,198.9039063209697,2.323036175799315,49.95819606364272,2943.9592229059544,Abnormal
52.92476746543222,120.56706648839265,2.7394237866088673,3.9809501073355,298.56220605575703,3.363284811821245,218.9841573550766,1.4518040140901776,37.552948035520295,3113.595633566212,Normal
53.025665078794745,117.1971728692282,1.8096739149449301,4.2884497959462164,314.20135450609735,2.589174830017851,215.82830906708668,1.2926836867818312,35.35505060337031,2879.495935085146,Normal
49.8093271558768,117.89465059647009,2.420425264231136,3.498523994409478,304.88811956746656,3.6357863521754457,221.90033720286917,1.6713307885774105,32.68814614962398,3228.0960144025566,Normal
47.483188420463605,127.95278435694841,4.357872826168396,4.568106668080677,296.03296737368527,8.37281765767848,210.34393795307582,3.0504372650892075,49.827138872570906,2572.185135532618,Abnormal
48.48825216834125,128.41632255765074,2.592108614765047,4.426965971132384,308.1450519469937,4.22638612335618,214.2325873455568,1.3889890162295409,25.036656333232585,2911.4667050541548,Normal
49.34500658247329,113.45510481405233,4.731322122475043,7.417208250693999,257.3031700791463,7.914744721689575,193.20497207086598,2.654187539038467,49.06417226068069,3019.0659969683884,Abnormal
51.856033817350294,120.18230997137117,2.4902348052664487,3.500459774756873,305.6481326930185,4.841900836376638,213.0731974077775,1.6779162150849063,33.834478798643445,3123.833561230435,Normal
57.688747657856666,79.9037398124139,4.418419236772782,5.973366774471252,262.8090805239029,6.451200085685884,234.4125584526534,3.926656927348708,59.58643984302877,2907.274610004584,Abnormal
44.0652547119322,99.27343204988935,5.588436180240308,7.5250074441676436,281.339869764375,5.73501024413119,242.8776118738874,3.401195229360036,48.3713055340869,2728.3336159763253,Abnormal
48.05817128551177,106.84093361558226,6.286947286116419,6.8505418243762914,272.55934341008356,7.757534308282084,205.3559821859009,4.496729256072796,55.85559532368785,2726.8812501076995,Abnormal
43.606320725903714,107.74107736560055,2.507561630792277,4.235426078524896,307.00301744539155,4.115864332634213,217.03600383410676,1.4929818119268161,27.851712943780804,2834.8010056845437,Normal
44.98359323642119,123.1125479242788,4.186186358071071,7.216561770197448,293.39814126396493,9.946874758491143,222.6257740696415,3.4597479218435585,47.622576294052784,2534.0417242935773,Abnormal
48.7946838876711,115.659666456764,2.776813704679116,4.294216872239643,314.73440952916013,5.507426969148935,229.3143456070009,1.537399018022267,38.29839131418696,2947.2509724248675,Normal
55.92503491791508,130.61509157175846,3.0042079849714955,4.065848888834067,304.6531346880729,3.3843772497076188,219.7998139623945,1.9599037626747549,34.07046529590778,3117.768987819008,Normal
54.219757002594655,117.16313779072827,3.1581724187597597,1.9639374788636474,300.2179977700946,3.7674941629132324,215.90142488566306,1.6008788853557687,35.8701134091617,3059.098585826251,Normal
54.768651953059894,90.74843146281526,3.781823933192681,7.475583618409436,280.5465188953034,5.644287431948044,219.71344284541482,4.4765713345516085,57.785804448493295,2746.75193036868,Abnormal
55.00745676778322,125.54802335042866,4.3585842099765655,8.33281322086491,294.1309435121481,9.370567478513887,211.86093020875936,4.407379696823601,51.11761881270768,2329.0052351331456,Abnormal
61.615413058517774,90.78703888541833,6.253058210243914,6.891708542271614,307.6401647779656,9.702152922300147,214.3014297431537,3.8559747223389915,52.11314308596283,2196.5438109297306,Abnormal
50.59165109449101,108.83935823928105,2.5855935718728316,3.1999402175317493,300.5203844701914,5.7839476014031215,225.34723694062095,1.4987572245167537,35.55430595074707,2962.8125961385485,Normal
52.849381879897614,113.23945633451196,2.9968701314339787,3.8228392112901224,306.64122403335017,4.517370414787874,217.04426585037194,1.598604704848945,33.387912232059804,3070.2785404228252,Normal
56.08003269455738,112.80678313191827,2.4347122713524145,4.322931499124795,306.51314116014873,4.871456448661332,222.7769943032587,1.8249785328882913,33.182029861745264,2858.5837139654286,Normal
48.46211305218128,110.322476604529,2.7822491020237488,3.1867740898765122,328.6641313460215,5.536742289259001,220.06287884800156,1.760218347899393,30.089594407067626,3378.505999709934,Normal
47.04892693899755,118.79502586100641,1.5720333564057816,4.340401113318626,301.1492467433831,4.581324609252824,217.2786278353773,1.176676819520897,32.58691549471215,3033.868205112828,Normal
43.592545135655875,112.51188328976423,2.831636690632239,5.821735912412019,313.82071055642405,3.76619068625817,218.16442914963844,1.5094767018457735,33.951725148092876,3135.45872501054,Normal
51.08736741507112,129.0785238490987,2.3427781048511855,4.927850153804879,308.66811532574764,3.7230481046896067,230.8866019052111,0.9525066759116649,32.78378382408522,2905.9458222254407,Normal
62.541531365282815,138.0685888414651,3.2469640718210986,3.768538936336568,329.4094240307342,4.794681603072777,224.8863168515156,1.5539086143318621,34.85160028603025,2962.233198911043,Normal
48.95180003290419,126.08491648678078,2.683599899387694,3.9779700408574215,322.0761919415908,2.1265975450074155,222.54943623960597,1.7153216119976937,38.44088860476551,2990.2692838419957,Normal
51.03960033691979,129.8594838331472,3.24558320214009,3.789624810374862,312.1358062650205,5.842859171479006,209.37986462060576,1.2929962200556244,39.39750793580889,3163.8806750412455,Normal
52.612226054633474,115.5140312689088,2.0590907505072904,3.5861490665303384,322.38406576654955,3.997245848675723,220.5071148211983,1.2738877065414762,37.52832209029708,2919.1910579480336,Normal
49.21924887876469,79.74926800435762,3.3866317637950605,7.009207831985807,270.1226426720336,11.157629959001753,189.3847688788775,2.939877290935127,50.083504336337754,2608.716765551054,Abnormal
44.479272716680406,110.42072160504732,2.004672961250381,3.799294813625956,325.61543271613937,4.562349837246567,225.91450244693763,1.6520929037484424,38.34158719394666,2580.005354610962,Normal
48.47770989425885,133.07135423150714,2.214132088625333,5.233731215408728,321.8711212301421,4.12469542709803,217.4841824047682,1.1959182472936594,33.111217304408605,2815.111640374663,Normal
52.14405590216503,105.43953506653567,2.801866508095111,4.439655087830174,296.7103647585286,5.739854885062671,222.5680464720761,1.7249094064334607,32.724004395371686,3093.3568677709677,Normal
55.63196724861033,119.01391600995322,3.5009612296241803,4.030845244439057,319.1262864036198,4.734407045806924,222.92760766428435,0.9986003197095684,36.11316121464609,2889.75373481141,Normal
43.2288135537785,131.16154776698968,4.786229751937651,5.796037802829404,284.6130255783669,6.049324656617129,224.3388446819627,3.0130234790834396,52.646499669718345,3039.0266785525814,Abnormal
45.99877855028217,112.9803364840918,3.96991394509557,9.934923482936421,304.04570201924935,7.711090341858791,202.27166269111035,3.4202024130122615,48.300081388242404,3188.2361384998767,Abnormal
43.87232638892549,121.34801423290203,2.490830966683145,3.9178127897585915,309.13106676049324,4.407143351903613,224.3653303316605,1.6826953339477306,36.25673483411836,2544.9015956782096,Normal
51.498974370815816,103.44360639829918,2.8231600815679125,5.0321481572993605,302.59008709929157,4.290575422125834,217.00322147473503,1.8706295327270401,35.285083655816216,3259.24940708495,Normal
53.3100336235791,108.63675270953729,5.068206782602837,7.981590519108804,263.93470702631987,8.128015933280764,209.29953556272037,4.007793179010436,49.06149197062982,2440.3163914593324,Abnormal
50.058805399357595,88.75739206697484,3.0747377874125146,7.872546977782592,298.6859235904201,8.700636415990362,223.0292842194581,3.0344776767872523,42.84442928614372,2682.4925557979886,Abnormal
48.262498501470446,111.57704283229931,2.460075423256102,3.5718763976567907,295.31195773314533,4.147058647364991,214.31812416648071,1.569494421483277,33.031895725278034,3166.744721121158,Normal
58.01933033633933,126.79381373011906,1.72448690900834,5.053637199215327,322.6057636029901,4.515032409046353,226.61463080167766,1.3344974585859966,29.40126219545123,2885.957334206761,Normal
58.646504330223785,105.08920076388526,2.4997606409657473,4.023900725338149,305.8962060482575,4.1451827201303075,220.36124567118102,1.3313512974195818,30.733824508496205,3032.2547914415186,Normal
58.58693265955978,118.04358777980131,4.190264532610189,5.498526501546789,285.7371817676783,10.351687264693496,216.45598078959546,3.9927752737559636,54.449284758927476,2805.1916406296464,Abnormal
50.60304273806789,126.62306896647968,2.2269169478909903,3.0098758920435755,315.7839754769946,5.49019048459938,214.40884030321985,1.74657644472477,40.04229714016457,2999.6630697364317,Normal
43.45598252206603,106.84528010290134,4.4494660317992984,6.259923868052318,296.49776100907314,5.594405787455157,195.56071077507772,3.51350361626176,49.888457305437846,2785.8886442599837,Abnormal
59.376126942416946,121.04514036075821,2.799086075167397,3.3171269450697576,316.1435013081323,4.078887307911458,220.35710416290547,1.4673454124792515,38.098922704742094,2803.5035168437503,Normal
38.5838068269248,117.86567302912076,2.734265628452562,4.10658856306525,319.8576338993113,4.849898139343734,217.1807583407007,0.802373953758096,34.28806329741435,3154.1938503386696,Normal
48.03976108666443,120.28320263677765,2.7106801271533545,3.289295338025129,314.98588717311054,5.809697432001364,219.13593324053298,1.1612806734503094,34.80019691893408,2666.34238370867,Normal
51.68451631988308,124.52274377648578,3.337818146922781,3.8642036452033626,313.26788270517176,3.8109695180912793,218.2178643973746,1.0424443690013407,34.415631136150296,2954.2036269722153,Normal
51.49599883044448,113.76403119667361,2.541672675487546,3.766633961074634,307.3480048936039,4.564289860770424,220.20261471158506,1.7283522117154915,34.6380708976105,2947.5171976315496,Normal
49.09596277456387,112.85335883159007,2.3200444532166644,5.421811099151261,302.69856991443305,4.277074932896553,218.06255668365154,1.42584851632668,34.006282073364815,3041.88601518315,Normal
41.449124493041026,130.37171472532003,2.8162913998210986,3.1299898897558056,291.8473818163808,3.718342283086879,218.7866676928644,2.2740875696072322,36.62977089492282,2728.8615526227813,Normal
44.482755960792446,104.20181345590525,5.253683554298097,5.422301367627492,287.9751465803441,6.923541293584189,198.96241437397683,3.6817169526892677,53.86938586721411,2910.260319240405,Abnormal
52.87193175566938,115.02630466859738,2.8572748807317527,4.2163381066730015,311.0715350636161,4.010645502638561,217.51561936329236,1.5221660808373663,42.3196234009565,3045.1863720137085,Normal
46.94405748874857,111.67610555030558,2.2541166936718984,5.524105413284346,306.8059468324323,5.225496427688228,218.12035877264321,1.5783553623838886,37.37523582202617,2914.2145725285113,Normal
44.87110676677784,129.88304541682996,5.984592894895797,7.948806782428874,301.8091443968437,8.689363232466597,230.17775813175064,3.5307358113140097,52.886311836004595,2337.271767851497,Abnormal
43.400314507270075,86.98771500247439,6.274063583516149,3.9369518175751,283.96534965870916,3.509440096009066,201.6871210451811,3.1563357351876937,56.92435546897022,2799.156984805364,Abnormal
43.33486781336827,120.98945579597739,5.017832254529758,7.045080230448702,271.9599273834201,6.514979429145291,201.74902700054474,3.5325228912079325,50.389428634903375,3086.023165881011,Abnormal
53.08044134350268,64.38651459491838,5.262641987871691,5.25998037259896,275.510436130827,6.781745792410505,203.366616764877,2.5373954255717877,51.01741001726144,2347.2994287272604,Abnormal
51.78333803624923,142.36971077061628,1.835320470532968,3.8008427869625443,289.81234109990027,4.259251765623893,223.21358576315743,1.71619176940718,35.23209119085229,3133.3895137138466,Normal
62.73027267971396,137.123046874376,2.2387395352951813,2.984227209473283,306.75078866740955,3.7424137875061216,222.25673773932317,1.1456419381711505,34.78153270222897,3125.7021081804464,Normal
49.194433017462586,90.80529265878306,6.174814057585692,4.745222866295407,285.08307416183806,7.937509964927998,210.1590865839963,3.626347239254657,53.05219909904746,2691.148140238662,Abnormal
48.1597085892816,115.92410655340305,2.1942420989808227,4.551280327028806,304.8277721641879,5.177416887206595,220.09499541129935,1.343623557943161,36.855221647232405,2890.881911291532,Normal
53.19092020364106,122.12726121191785,2.2018376554540398,4.370044370734192,314.3727178055091,5.426015684647966,224.83073506204647,1.647382206217885,31.61722714637371,3367.2880482261085,Normal
38.77107031142552,119.23894761423463,5.431283816886299,5.591029153022663,288.1354859168225,7.881870670633039,223.05582715810525,3.000682369803852,48.69027496787823,2115.9825987446843,Abnormal
58.67381396561788,109.2953175697993,2.6634554321195876,3.9290145191946952,309.2159922657333,5.1478895878967,228.3563123015182,1.5754481009825976,36.965234052891574,3049.3337305090563,Normal
55.08765711965313,115.37083620513673,3.037695277208207,4.7773499059531686,318.6602960694633,3.9718817061308194,219.15831182881405,1.5718400966341304,30.887473865512984,3239.238031212902,Normal
49.93861733248912,122.83927887604722,2.2114977801363986,3.071185708443084,305.1677609162018,4.6753633501068705,223.36714406376848,1.5485374621808161,36.04017204872585,2949.4460437977937,Normal
52.48124283122714,134.82832866385908,2.8523947212194933,4.566679321777058,312.352131194453,3.2974759443203183,214.7766673468438,1.636462740199153,34.96718284411974,3065.976432970924,Normal
58.382117089220365,127.26035999229333,3.1294431028714107,4.066276972629511,303.54227458012446,4.453707072628527,215.9762409314043,1.9674884870317344,37.371173229606406,3078.076874494242,Normal
56.17971601114051,99.79943585476775,2.7940689756713297,3.0825479509869393,309.9419544122747,4.250633926026229,223.30868306048473,1.5684561866882867,39.03535152083536,2909.715425860108,Normal
55.67291511706627,107.43334825348248,3.3647097299284474,5.897660249772361,287.7518294971675,9.668438674837592,214.63723057557115,2.6827494232835,49.298418859764205,3204.4516121982574,Abnormal
50.55611667420429,116.72674424927604,2.7458698203781102,4.534375155707379,306.35065322015953,4.90205981949715,218.35555251664596,1.7157982805488314,35.50907947391385,3072.2951740579338,Normal
46.20408226916248,111.78713615927141,2.9727486523296975,3.9444225330301546,312.2802779367949,4.254883658330784,224.4936338700682,1.3176570059911028,34.59319628029735,3117.8989219054697,Normal
59.38374159331413,97.14361063459975,6.959683981955883,7.3758900324323395,274.3560760728689,8.553578072884951,206.1700078551654,3.8038479410282235,49.78571876169831,2718.568422547536,Abnormal
42.70725298731083,119.8509184607454,3.843872632848968,5.669482125514006,295.5104052372123,10.404266370766955,206.47406902935592,3.990680625892776,55.36670088431772,2903.671109323517,Abnormal
47.51033368661055,88.63429924208889,2.792452434328645,6.684591400645128,307.6713105284326,6.313751022857099,217.00209847518767,2.8348932289636894,50.53036288193419,2876.9479035387544,Abnormal
44.724036505292574,107.55727021045371,4.584908663274671,7.846178390725812,293.52975752726957,8.084761511643901,225.5834996014198,3.963614299657811,46.54824066936855,2678.5340248005596,Abnormal
49.6205060746017,120.80319572625211,3.762254638303747,4.259596324897698,293.7127794391618,4.065760822626428,210.33813956252095,1.401060522886248,29.038069310820717,2869.261429339736,Normal
42.3963923518294,123.84160177967478,2.5002696813144394,4.212073615249111,309.1635888914518,3.3845617998364657,222.5676068462737,2.0766673680808356,36.22763773581964,2936.111310102365,Normal
42.859664119472775,110.91933029240035,2.7265198282860297,4.751182618759563,312.0869293977758,5.139909831764787,223.53839122013622,1.6519603174157753,33.02457921421623,3026.088526796273,Normal
45.75811098058931,120.17428952958102,2.665431765533456,5.1751486651707985,299.52214420505896,4.885206104793045,227.40618295811797,1.727654329751639,37.49883632847512,3088.1542352801716,Normal
56.49167244887708,109.12521831887632,1.8070366670148768,3.9955661016743207,292.7107031714263,5.484516643342409,226.10357597747722,1.3699948334746421,33.887688210018474,2989.147878727399,Normal
50.2601032521981,121.27173919194286,2.7791160534391515,3.8791615528940655,317.54554642782233,4.856758221700242,216.96518277063683,1.900533800341229,30.92522904163254,2986.1751283767785,Normal
54.83458700537734,112.76926895087855,2.6547778233835757,4.380337717899334,303.1158090561501,4.442017824324772,219.21748084895395,1.334478644450312,41.90502455615233,2885.5340469831785,Normal
55.024651470339414,116.07198983118857,1.956681905557359,4.071969970208548,315.1927470751,5.236407660052543,227.81132555327534,2.38357388698053,35.75154261126679,2900.5361739261916,Normal
52.264371633974456,117.33787049593508,2.962983064926115,3.0919849925439946,328.9466763392035,5.18483847582041,211.57997991101917,1.2872913293055084,37.448243132341815,3176.4516084257184,Normal
43.63881186384018,127.13025850432949,1.5263300636690382,3.937464894170268,318.89637473682563,4.058787415917616,212.46538850430994,1.5438644389132679,33.18584340009357,3094.4337549098755,Normal
45.5733678389097,112.273631103469,1.4894988395618782,4.118961297736038,308.7127604937872,3.5492922634079433,220.96899356883546,1.8081210901932416,34.35329616974315,3040.225042473296,Normal
51.36655624792582,107.95670172821039,3.528292910353798,3.670405118914401,315.2489296148822,5.11537222178324,219.30202436442124,1.6820385075178903,35.73745766544917,2787.354036415889,Normal
47.3418183899993,95.81173646468908,4.538254958653873,5.435196186596034,306.89650575119043,10.40298898192012,219.78002975998407,4.389370456903,48.27682581495922,2540.935791253491,Abnormal
46.107064765941445,126.44064922957223,2.613531526572075,3.945944801881102,320.36118835356274,4.823953083052275,215.80671181239708,1.2957273512592915,37.045979897762436,3156.2599278981897,Normal
52.75840116127985,138.9688874787208,3.3175035828657093,4.308725084395534,303.291354724148,3.452009990614586,218.06309127492642,1.725964033924847,40.47994123793581,3062.61705516162,Normal
55.84361397115618,117.54692513812198,2.811384562613775,4.576349780634021,294.1632457931798,4.169248958098792,224.74850192138936,1.5823405006909694,31.4104548555472,2635.4816436408964,Normal
47.073754037583946,103.92621460659181,4.116077050171654,7.171701924433593,297.5958012084934,9.006030756089348,186.44081075067677,2.580000431534316,48.47688675822632,2843.043282759366,Abnormal
52.44617006775018,124.71869947876675,2.308291029015534,3.7706565938830274,304.1733658526261,5.114555302484678,215.3975560613021,1.755010918556871,35.62355971441294,2993.243328231727,Normal
46.71644800111767,106.44458138835874,2.1761736218109773,3.7689951919625795,291.04780550735,4.342115875732269,224.62178684013003,1.6701653716301617,33.51138237277548,3007.040444762284,Normal
47.219177152890005,121.48760733335696,3.270053911872016,4.677949161837413,314.166354445542,4.105692070093025,223.7496919647242,0.9939369145880841,34.24293955402733,3087.5567129735923,Normal
53.702106070238756,126.6988449021574,2.6474153446048474,3.862992514641282,314.3038077586119,3.7377111675309598,215.77661368353375,1.518520402938089,35.519592928126244,2726.157723215303,Normal
53.641171047596146,116.5909256687909,4.922714762533705,9.84935953994079,279.7559734052722,7.458369254919695,206.0493309387279,3.446668672096288,48.35637593516854,2348.297363848782,Abnormal
45.6276136301082,103.53568956338886,6.228572082061998,9.642691928047496,310.0321084677598,6.83693145549109,203.04190389373835,3.3884699957434545,58.92279444426793,2658.6439869545266,Abnormal
43.362462547312845,114.98822863046965,2.8785280009097085,4.482958193827261,308.39826666806675,5.046731738848025,208.63413898726583,1.5311487705098092,37.58205626410589,2875.0705087268198,Normal
43.3092917080297,77.00327770854787,6.589895594810694,6.1358152275741205,293.6156491679317,8.905875562225061,225.12067949141453,3.392271558210055,47.302851031107906,2743.2669121426384,Abnormal
60.2726422123383,102.44741202898824,4.045130918415923,5.1510906300215655,271.6805392309216,9.296587246109997,206.79375523693187,3.0747353630555025,46.42016388408029,2721.2614650500454,Abnormal
48.80272453117208,117.26867856280748,3.1746619639053697,5.076611397303143,297.119826616728,4.762074184914366,216.11568950689303,1.425524665841672,35.92783515538008,2968.092012460362,Normal
51.84367904502106,115.09455309047877,5.2945768005403195,6.223796434998852,280.56200589544517,5.840442055072947,201.4607970247928,4.87344785332897,46.03998212952378,2401.655296889045,Abnormal
51.59963930922387,118.8963524070814,2.4022033815753874,4.986332176488463,314.3930134044669,4.076005654637219,217.8776204120411,1.3492240458282945,37.62421886474077,2953.7778555820296,Normal
41.03423248772925,119.51680321265655,1.7314869994360356,5.5289614212284315,302.2746566892221,4.370508187713815,221.2910136735057,1.413402551796231,34.12990879560142,3063.2740929241318,Normal
57.63107979398139,127.67509081817298,3.239256939286771,3.2673666243345485,312.5389010660429,4.624196841646623,221.75545645838366,1.9128695911906717,34.33763255062384,2939.174495016887,Normal
54.27184637934931,78.32695908651229,4.763147950877822,6.838962772857457,276.1946207553961,9.585588517034866,199.37759682656716,3.4048888661453427,51.465786126614844,3038.3628903690296,Abnormal
49.947217825595736,129.3615359412821,2.8502976986385637,4.0864202893184,301.28389273381237,3.352335311276521,220.53252700709592,1.337190937829216,37.75778327504388,3111.8784777147866,Normal
48.5231120445036,87.63430614088097,5.510735549607274,5.778460664637819,278.623041156037,6.530876392677268,208.61498978060047,4.319134633849393,49.974795648882356,2589.195326893076,Abnormal
37.795080559638045,113.28186877094764,4.219595394071373,7.141021142989716,284.6867207612504,9.257265829399156,208.4276360797145,3.458751551833864,52.4287357372773,3226.7350455657966,Abnormal
54.44223465179277,119.1139389365139,2.5015989953076443,3.632598377772896,302.4000343718424,4.057799370346943,216.1392551814403,1.6960105151387657,31.78641542639304,3199.9815842070066,Normal
56.01637106895064,105.30752594051502,5.000318611465068,6.331262428462535,294.0512661702165,9.632138694812884,202.96843537744186,2.426625537756889,53.51609127428372,2781.0914935609503,Abnormal
44.3990059927941,112.66608629085881,2.0704478629749294,3.492827411676026,307.4105379676705,4.286762156575402,216.7460317246577,1.2725508541500217,34.313646968241855,3025.1537302289344,Normal
48.41851731817577,131.58667023341303,2.754043857210393,2.886407900198913,314.1898221233108,4.984435186068466,217.82632515937905,1.0514407238090533,35.02420027823341,2998.8437022776634,Normal
44.391768817334025,105.48780783740065,2.45622322677328,3.8368459655644247,306.66187707742085,4.433271412202751,214.4861181308984,1.3695538161401657,36.59997509184304,2947.5044879473066,Normal
41.64013764103724,115.27307722276429,1.9649207682465697,4.186995407523211,312.5506992270434,3.172980299931175,223.79506485291094,1.1663441096164324,39.677546871447056,2992.6835603249074,Normal
40.0288520116867,87.87020893960978,5.348095291787345,6.530440132121947,288.55019135572786,10.419170349045558,203.00755935770925,3.5419740003869946,57.09922243686527,2767.6283688666,Abnormal
37.14717811713595,112.58083517598205,3.836997142216556,8.688169034479557,277.6569859250303,12.454264261618498,224.67375988327677,2.942371201260415,50.100069025008054,2888.411070408366,Abnormal
53.918302371133535,124.42336259976197,3.126079518483055,3.9139217373559414,307.06625865139176,4.222508809660312,224.29186615986063,1.6095543120907938,35.87385099707077,3119.2851373885774,Normal
39.744737960730724,123.1006882387515,2.6092844444368577,5.168165656910493,297.7712961418907,5.745749305901406,220.37704564462334,1.6466968591980136,40.02775636282813,3084.1141902008358,Normal
52.001841447312806,122.42291185802318,2.2582609325028113,3.980057612842725,304.275897871018,4.464346480459614,208.32034651472452,1.6287118702702645,34.63478823864912,2949.5694394999855,Normal
51.09879041970071,105.6643607703456,3.4646349983106415,3.9280627769586802,308.8332445362225,3.7276830318936622,220.1197319122463,1.9160879670819841,38.1077486282961,3128.1656626710833,Normal
54.37119161333817,99.62186208656085,3.5498368329632983,6.758753473760038,286.46192803199483,9.573191659506861,213.0939044245982,4.628618069532484,55.98744270019087,2585.876097623976,Abnormal
41.02435401690066,133.8557523394148,3.179692611615372,3.043651886368442,322.07392015862,4.805693736474014,220.80342749062825,1.9844349762741982,39.03405551969185,3097.699642799281,Normal
52.36608532905991,126.16394290530359,2.299971283058737,3.9614289851873754,302.78146276324367,4.233568179408865,218.16683060665534,1.3094083891135007,35.41023950794539,2951.4028723949136,Normal
52.51117360175987,103.77679386706234,2.44332260294635,4.092086148124247,307.514966081305,4.362085840152615,212.07376994635072,1.6069431314008475,36.942817947701215,3074.030594130565,Normal
55.19363529721092,122.01529605782503,2.7393405903254684,4.109263516919797,315.50040575673995,3.238216291094302,215.53209516010995,1.9760698971099273,27.618692533711382,2978.9733105261985,Normal
59.37819967686455,103.60109001687353,4.594988928549302,7.15530601217836,284.7031972999633,8.046274239135409,203.1661896347987,4.276072093969007,57.1163246053283,2666.652419472094,Abnormal
43.06755289654379,114.76156829686605,2.4080056699485177,4.353877213832246,301.9358942146346,3.8846701450862793,222.55338068929404,1.7816726496118673,33.13521786448795,2800.0174419073505,Normal
76.27294561030307,116.7495635563307,4.7329962382329684,8.042837530637009,288.13315055428365,9.30073533365028,211.59393197776222,3.563890328717301,49.43209065884606,2338.1546666342274,Abnormal
59.6904744969657,110.58466079732257,1.8199882118447026,3.850998082070543,302.30822549191595,4.458629767551783,223.43881924280885,1.798590870158767,37.44419216486504,2954.155191782148,Normal
50.39673462129269,111.11818576346236,3.2422125760579275,7.684701640143832,268.1405106862425,11.060519898359734,205.95484915358304,3.3705873759637863,46.15146450381072,2542.5074920360776,Abnormal
61.3704678457162,129.40369688623298,1.7253987774260808,5.0529490304796605,319.54593820113143,4.275030030169369,221.5334847101492,1.4955167761736776,40.917739713340794,2880.5564716511863,Normal
50.73005304887864,115.71854669007195,1.783479797691073,5.53414677853849,300.54746736718073,4.676103349990221,211.29649696809832,1.380278838227072,36.26590646430037,2876.2899030746457,Normal
54.69441480588524,100.96438362167876,6.160082512398613,8.634113096008267,281.1988285890498,8.115099289089436,211.83454226472233,3.933544506804289,50.07190998122133,2747.552739835711,Abnormal
48.7829676260244,121.15239866972018,3.1489700967675662,4.452258268848298,315.61004511554694,5.078456259308463,219.23095611059483,1.5956481130738591,31.744478964992766,3190.3211484475437,Normal
27.736316541254237,103.69277411496863,6.140895977150274,5.36335847964479,295.99669876425276,6.9788503301314595,206.31196734811132,4.162158672447607,50.99028462942575,2191.4110330289095,Abnormal
45.117872301342004,129.7533573488876,2.7244713590964986,5.223694900766999,323.4611807521064,4.226203895882566,232.51618902534744,1.5073439009555731,32.11199439677292,2904.954020113413,Normal
38.716374473552904,136.07019008249281,3.297380994521932,3.289144792830675,308.17692569294474,4.5764860352900625,215.19823473928943,0.9734693906186516,34.36892718866927,2951.838085581113,Normal
48.057943795056126,122.22716062600965,3.214759829262996,3.7878350962157916,311.3635439897709,5.081496418995949,222.77071463256374,1.3156729426656475,35.28913136934211,3082.130973025358,Normal
44.35824331244611,132.6353901079651,3.2157944526070557,3.4940538211888543,311.5493601467854,5.013822605336825,217.27192921835623,1.6444841537064283,35.489766878876495,2779.81227335418,Normal
52.29580657989279,108.99857583728965,2.9696014258310237,3.530152247406278,308.70971653071086,5.59782313075726,222.48190823264423,1.1761578241276365,31.955250287602748,2910.104581706441,Normal
51.97322041678333,123.58299814932768,2.0784488476685654,3.1829533600699484,312.25266724068666,4.354511947367871,230.7860794372387,1.5109810969689237,40.442758483100825,2824.442460284349,Normal
42.13393530219146,108.79914867474466,3.0945648907267334,5.229271112785474,303.7425643683789,4.131547176192354,214.15509544893752,0.9565080458644839,37.15523509332989,3033.4530454443243,Normal
50.052439913369376,105.9994346283662,3.3199783409143304,3.647650283365369,314.2690113985318,3.3363508758042206,219.04737405189982,1.5874123368715751,35.98122565415992,3023.197281485494,Normal
52.472612460243866,108.69479543967039,2.59868630271983,4.079630378436194,311.8533814735605,4.5578761738553455,213.633936130433,1.1046600743673078,28.357195442346345,3122.6301764767945,Normal
56.62126007788159,117.6532543683318,5.306789962461452,4.440256938738267,274.599342623221,8.255623126389668,211.35518002791795,3.3440762507935853,51.844586014541235,2702.9129269213113,Abnormal
50.96616372441089,95.41402000751975,5.98201098612159,6.483074069583539,270.0402637546906,6.8435014807719075,206.5153380863802,4.195801951858193,49.78866000782603,2653.4629452585878,Abnormal
40.01069260189898,116.78223884744364,4.348047845976614,6.879966569270397,312.20274615322796,8.763144996573956,193.71745952284826,2.2613428345532696,49.67844774940377,2396.8148462812987,Abnormal
53.242733738164986,120.42263064964979,2.5826923845119314,3.505279772850353,323.93106924229363,6.774074982408368,218.60707638121642,1.6059117745245002,35.29225202919294,2961.0469704838397,Normal
45.839647661336016,109.15032012519524,1.932201367237238,4.283668017884402,305.84260417437093,2.4373657198875756,222.2242911029916,1.4885216152607532,39.04001900420344,3055.9683595636516,Normal
